id,make,model,VClass,year,region
30184,Honda,Pilot 2WD,Sport Utility Vehicle - 2WD,2011,jp
30208,Honda,Pilot 4WD,Sport Utility Vehicle - 4WD,2011,jp
30471,Honda,Ridgeline Truck 4WD,Standard Pickup Trucks 4WD,2011,jp
30587,Honda,CR-Z,Two Seaters,2011,jp
30588,Honda,CR-Z,Two Seaters,2011,jp
30601,Honda,Civic CNG,Subcompact Cars,2011,jp
30602,Honda,Civic,Subcompact Cars,2011,jp
30603,Honda,Civic,Subcompact Cars,2011,jp
30604,Honda,Civic,Subcompact Cars,2011,jp
30627,Honda,Civic Hybrid,Compact Cars,2011,jp
30628,Honda,Accord Coupe,Compact Cars,2011,jp
30629,Honda,Accord Coupe,Compact Cars,2011,jp
30630,Honda,Accord Coupe,Compact Cars,2011,jp
30631,Honda,Accord Coupe,Compact Cars,2011,jp
30684,Honda,Accord,Large Cars,2011,jp
30685,Honda,Accord,Large Cars,2011,jp
30686,Honda,Accord,Large Cars,2011,jp
30742,Honda,CR-V 2WD,Sport Utility Vehicle - 2WD,2011,jp
30782,Honda,CR-V 4WD,Sport Utility Vehicle - 4WD,2011,jp
30843,Honda,Insight,Compact Cars,2011,jp
30844,Honda,Insight,Compact Cars,2011,jp
30883,Honda,Odyssey,Minivan - 2WD,2011,jp
30884,Honda,Odyssey,Minivan - 2WD,2011,jp
30885,Honda,Accord Crosstour 2WD,Sport Utility Vehicle - 2WD,2011,jp
30886,Honda,Element 2WD,Sport Utility Vehicle - 2WD,2011,jp
30901,Honda,Accord Crosstour 4WD,Sport Utility Vehicle - 4WD,2011,jp
30902,Honda,Element 4WD,Sport Utility Vehicle - 4WD,2011,jp
30903,Honda,Element 4WD,Sport Utility Vehicle - 4WD,2011,jp
31079,Honda,Fit,Small Station Wagons,2011,jp
31080,Honda,Fit,Small Station Wagons,2011,jp
31081,Honda,Fit,Small Station Wagons,2011,jp
31186,Honda,Civic,Compact Cars,2012,jp
31187,Honda,Civic,Compact Cars,2012,jp
31188,Honda,Civic,Compact Cars,2012,jp
31189,Honda,Civic HF,Compact Cars,2012,jp
31190,Honda,Civic Hybrid,Compact Cars,2012,jp
31681,Honda,Accord Coupe,Compact Cars,2012,jp
31682,Honda,Accord Coupe,Compact Cars,2012,jp
31683,Honda,Accord Coupe,Compact Cars,2012,jp
31684,Honda,Accord Coupe,Compact Cars,2012,jp
31787,Honda,Accord,Large Cars,2012,jp
31788,Honda,Accord,Large Cars,2012,jp
31789,Honda,Accord,Large Cars,2012,jp
31817,Honda,Fit,Small Station Wagons,2012,jp
31818,Honda,Fit,Small Station Wagons,2012,jp
31819,Honda,Fit,Small Station Wagons,2012,jp
31895,Honda,Odyssey,Minivan - 2WD,2012,jp
31896,Honda,Odyssey,Minivan - 2WD,2012,jp
31913,Honda,Crosstour 2WD,Sport Utility Vehicle - 2WD,2012,jp
31914,Honda,Pilot 2WD,Sport Utility Vehicle - 2WD,2012,jp
31961,Honda,Crosstour 4WD,Sport Utility Vehicle - 4WD,2012,jp
31962,Honda,Pilot 4WD,Sport Utility Vehicle - 4WD,2012,jp
32011,Honda,CR-Z,Two Seaters,2012,jp
32012,Honda,CR-Z,Two Seaters,2012,jp
32053,Honda,Insight,Compact Cars,2012,jp
32054,Honda,Insight,Compact Cars,2012,jp
32127,Honda,Ridgeline Truck 4WD,Standard Pickup Trucks 4WD,2012,jp
32128,Honda,CR-V 2WD,Sport Utility Vehicle - 2WD,2012,jp
32138,Honda,CR-V 4WD,Sport Utility Vehicle - 4WD,2012,jp
32336,Honda,Civic Natural Gas,Compact Cars,2012,jp
33364,Honda,Crosstour 2WD,Sport Utility Vehicle - 2WD,2012,jp
33158,Honda,Insight,Compact Cars,2013,jp
33159,Honda,Insight,Compact Cars,2013,jp
33170,Honda,Accord,Midsize Cars,2013,jp
33171,Honda,Accord,Midsize Cars,2013,jp
33172,Honda,Accord,Midsize Cars,2013,jp
33173,Honda,Accord,Midsize Cars,2013,jp
33174,Honda,Accord,Midsize Cars,2013,jp
33223,Honda,Odyssey,Minivan - 2WD,2013,jp
33224,Honda,Odyssey,Minivan - 2WD,2013,jp
33227,Honda,CR-V 2WD,Small Sport Utility Vehicle 2WD,2013,jp
33228,Honda,Pilot 2WD,Small Sport Utility Vehicle 2WD,2013,jp
33239,Honda,CR-V 4WD,Small Sport Utility Vehicle 4WD,2013,jp
33253,Honda,Pilot 4WD,Standard Sport Utility Vehicle 4WD,2013,jp
33265,Honda,Fit EV,Small Station Wagons,2013,jp
33269,Honda,Accord,Midsize Cars,2013,jp
33273,Honda,Fit,Small Station Wagons,2013,jp
33274,Honda,Fit,Small Station Wagons,2013,jp
33275,Honda,Fit,Small Station Wagons,2013,jp
33297,Honda,Ridgeline Truck 4WD,Standard Pickup Trucks 4WD,2013,jp
33465,Honda,CR-Z,Two Seaters,2013,jp
33471,Honda,Civic,Compact Cars,2013,jp
33475,Honda,Crosstour 4WD,Small Sport Utility Vehicle 4WD,2013,jp
33501,Honda,CR-Z,Two Seaters,2013,jp
33503,Honda,Civic Natural Gas,Compact Cars,2013,jp
33504,Honda,Civic,Compact Cars,2013,jp
33505,Honda,Civic,Compact Cars,2013,jp
33506,Honda,Civic HF,Compact Cars,2013,jp
33507,Honda,Civic Hybrid,Compact Cars,2013,jp
33508,Honda,Crosstour 2WD,Small Sport Utility Vehicle 2WD,2013,jp
33509,Honda,Crosstour 2WD,Small Sport Utility Vehicle 2WD,2013,jp
33557,Honda,Accord Plug-in Hybrid,Midsize Cars,2014,jp
33717,Honda,Odyssey,Minivan - 2WD,2014,jp
33905,Honda,Fit EV,Small Station Wagons,2014,jp
34227,Honda,CR-V 2WD,Small Sport Utility Vehicle 2WD,2014,jp
34230,Honda,CR-V 4WD,Small Sport Utility Vehicle 4WD,2014,jp
34313,Honda,Accord,Midsize Cars,2014,jp
34314,Honda,Accord,Midsize Cars,2014,jp
34315,Honda,Accord,Midsize Cars,2014,jp
34337,Honda,Insight,Compact Cars,2014,jp
34338,Honda,Insight,Compact Cars,2014,jp
34344,Honda,Accord,Midsize Cars,2014,jp
34345,Honda,Accord,Midsize Cars,2014,jp
34346,Honda,Accord,Midsize Cars,2014,jp
34361,Honda,Ridgeline Truck 4WD,Standard Pickup Trucks 4WD,2014,jp
34373,Honda,Pilot 2WD,Small Sport Utility Vehicle 2WD,2014,jp
34380,Honda,Pilot 4WD,Small Sport Utility Vehicle 4WD,2014,jp
34395,Honda,Accord Hybrid,Midsize Cars,2014,jp
34426,Honda,CR-Z,Two Seaters,2014,jp
34427,Honda,CR-Z,Two Seaters,2014,jp
34506,Honda,Crosstour 2WD,Small Sport Utility Vehicle 2WD,2014,jp
34507,Honda,Crosstour 2WD,Small Sport Utility Vehicle 2WD,2014,jp
34511,Honda,Crosstour 4WD,Small Sport Utility Vehicle 4WD,2014,jp
34719,Honda,Civic Hybrid,Compact Cars,2014,jp
34728,Honda,Civic Natural Gas,Compact Cars,2014,jp
34772,Honda,Civic,Compact Cars,2014,jp
34773,Honda,Civic,Compact Cars,2014,jp
34774,Honda,Civic HF,Compact Cars,2014,jp
34784,Honda,Civic,Compact Cars,2014,jp
34785,Honda,Civic,Compact Cars,2014,jp
34836,Honda,Fit,Small Station Wagons,2015,jp
34837,Honda,Fit,Small Station Wagons,2015,jp
34855,Honda,Fit,Small Station Wagons,2015,jp
35048,Honda,Pilot 2WD,Small Sport Utility Vehicle 2WD,2015,jp
35054,Honda,Pilot 4WD,Small Sport Utility Vehicle 4WD,2015,jp
35463,Honda,Odyssey,Minivan - 2WD,2015,jp
35548,Honda,Accord,Midsize Cars,2015,jp
35549,Honda,Accord,Midsize Cars,2015,jp
35550,Honda,Accord,Midsize Cars,2015,jp
35551,Honda,Accord,Midsize Cars,2015,jp
35552,Honda,Accord,Midsize Cars,2015,jp
35553,Honda,Accord,Midsize Cars,2015,jp
35627,Honda,Accord Hybrid,Midsize Cars,2015,jp
35657,Honda,CR-Z,Two Seaters,2015,jp
35658,Honda,CR-Z,Two Seaters,2015,jp
35667,Honda,Civic Hybrid,Compact Cars,2015,jp
35668,Honda,Civic,Compact Cars,2015,jp
35669,Honda,Civic,Compact Cars,2015,jp
35670,Honda,Civic,Compact Cars,2015,jp
35671,Honda,Civic HF,Compact Cars,2015,jp
35672,Honda,Civic,Compact Cars,2015,jp
35691,Honda,Crosstour 2WD,Small Sport Utility Vehicle 2WD,2015,jp
35692,Honda,Crosstour 2WD,Small Sport Utility Vehicle 2WD,2015,jp
35698,Honda,Crosstour 4WD,Small Sport Utility Vehicle 4WD,2015,jp
35784,Honda,CR-V 2WD,Small Sport Utility Vehicle 2WD,2015,jp
35787,Honda,CR-V 4WD,Small Sport Utility Vehicle 4WD,2015,jp
35886,Honda,Civic Natural Gas,Compact Cars,2015,jp
35998,Honda,HR-V 2WD,Small Sport Utility Vehicle 2WD,2016,jp
35999,Honda,HR-V 2WD,Small Sport Utility Vehicle 2WD,2016,jp
36000,Honda,HR-V 2WD,Small Sport Utility Vehicle 2WD,2016,jp
36001,Honda,HR-V 4WD,Small Sport Utility Vehicle 4WD,2016,jp
36002,Honda,HR-V 4WD,Small Sport Utility Vehicle 4WD,2016,jp
36135,Honda,Fit,Small Station Wagons,2016,jp
36136,Honda,Fit,Small Station Wagons,2016,jp
36137,Honda,Fit,Small Station Wagons,2016,jp
36414,Honda,Pilot 2WD,Small Sport Utility Vehicle 2WD,2016,jp
36415,Honda,Pilot 2WD,Small Sport Utility Vehicle 2WD,2016,jp
36425,Honda,Pilot 4WD,Small Sport Utility Vehicle 4WD,2016,jp
36426,Honda,Pilot 4WD,Small Sport Utility Vehicle 4WD,2016,jp
36767,Honda,Odyssey,Minivan - 2WD,2016,jp
36847,Honda,Accord,Midsize Cars,2016,jp
36848,Honda,Accord,Midsize Cars,2016,jp
36849,Honda,Accord,Midsize Cars,2016,jp
36850,Honda,Accord,Midsize Cars,2016,jp
36851,Honda,Accord,Midsize Cars,2016,jp
36852,Honda,Accord,Midsize Cars,2016,jp
36992,Honda,CR-V 2WD,Small Sport Utility Vehicle 2WD,2016,jp
37024,Honda,CR-V 4WD,Small Sport Utility Vehicle 4WD,2016,jp
37075,Honda,Civic 4Dr,Midsize Cars,2016,jp
37076,Honda,Civic 4Dr,Midsize Cars,2016,jp
37077,Honda,Civic 4Dr,Midsize Cars,2016,jp
37093,Honda,CR-Z,Two Seaters,2016,jp
37094,Honda,CR-Z,Two Seaters,2016,jp
37284,Honda,Civic 2Dr,Compact Cars,2016,jp
37285,Honda,Civic 2Dr,Compact Cars,2016,jp
37286,Honda,Civic 2Dr,Compact Cars,2016,jp
37403,Honda,Ridgeline FWD,Small Pickup Trucks 2WD,2017,jp
37404,Honda,Ridgeline AWD,Standard Pickup Trucks 4WD,2017,jp
37621,Honda,Accord,Midsize Cars,2017,jp
37622,Honda,Accord,Midsize Cars,2017,jp
37623,Honda,Accord,Midsize Cars,2017,jp
37624,Honda,Accord,Midsize Cars,2017,jp
37625,Honda,Accord,Midsize Cars,2017,jp
37626,Honda,Accord,Midsize Cars,2017,jp
37637,Honda,Fit,Small Station Wagons,2017,jp
37638,Honda,Fit,Small Station Wagons,2017,jp
37639,Honda,Fit,Small Station Wagons,2017,jp
37825,Honda,Accord Hybrid,Midsize Cars,2017,jp
38158,Honda,HR-V FWD,Small Station Wagons,2017,jp
38159,Honda,HR-V FWD,Small Station Wagons,2017,jp
38160,Honda,HR-V FWD,Small Station Wagons,2017,jp
38161,Honda,HR-V AWD,Small Station Wagons,2017,jp
38162,Honda,HR-V AWD,Small Station Wagons,2017,jp
38236,Honda,Civic 2Dr,Compact Cars,2017,jp
38237,Honda,Civic 2Dr,Compact Cars,2017,jp
38238,Honda,Civic 2Dr,Compact Cars,2017,jp
38239,Honda,Civic 2Dr,Compact Cars,2017,jp
38246,Honda,Civic 4Dr,Midsize Cars,2017,jp
38247,Honda,Civic 4Dr,Midsize Cars,2017,jp
38248,Honda,Civic 4Dr,Midsize Cars,2017,jp
38249,Honda,Civic 4Dr,Midsize Cars,2017,jp
38255,Honda,Civic 5Dr,Large Cars,2017,jp
38256,Honda,Civic 5Dr,Large Cars,2017,jp
38257,Honda,Civic 5Dr Sport,Large Cars,2017,jp
38258,Honda,Civic 5Dr Sport,Large Cars,2017,jp
38446,Honda,Pilot FWD,Small Sport Utility Vehicle 2WD,2017,jp
38447,Honda,Pilot FWD,Small Sport Utility Vehicle 2WD,2017,jp
38448,Honda,CR-V FWD,Small Sport Utility Vehicle 2WD,2017,jp
38449,Honda,CR-V FWD,Small Sport Utility Vehicle 2WD,2017,jp
38450,Honda,Pilot AWD,Small Sport Utility Vehicle 4WD,2017,jp
38451,Honda,Pilot AWD,Small Sport Utility Vehicle 4WD,2017,jp
38452,Honda,CR-V AWD,Small Sport Utility Vehicle 4WD,2017,jp
38453,Honda,CR-V AWD,Small Sport Utility Vehicle 4WD,2017,jp
38509,Honda,Odyssey,Minivan - 2WD,2017,jp
38696,Honda,Civic 5Dr - Type R,Large Cars,2017,jp
38771,Honda,Civic Si 2Dr,Compact Cars,2017,jp
38772,Honda,Civic Si 4Dr,Midsize Cars,2017,jp
39191,Honda,Clarity EV,Midsize Cars,2017,jp
38764,Honda,Odyssey,Minivan - 2WD,2018,jp
38765,Honda,Odyssey,Minivan - 2WD,2018,jp
38978,Honda,Fit,Small Station Wagons,2018,jp
38979,Honda,Fit,Small Station Wagons,2018,jp
38980,Honda,Fit,Small Station Wagons,2018,jp
39075,Honda,Ridgeline FWD,Small Pickup Trucks 2WD,2018,jp
39084,Honda,Ridgeline AWD,Standard Pickup Trucks 4WD,2018,jp
39306,Honda,HR-V FWD,Small Station Wagons,2018,jp
39307,Honda,HR-V FWD,Small Station Wagons,2018,jp
39308,Honda,HR-V FWD,Small Station Wagons,2018,jp
39309,Honda,HR-V AWD,Small Station Wagons,2018,jp
39310,Honda,HR-V AWD,Small Station Wagons,2018,jp
39348,Honda,Civic 5Dr,Large Cars,2018,jp
39349,Honda,Civic 5Dr Sport,Large Cars,2018,jp
39350,Honda,Civic 5Dr,Large Cars,2018,jp
39351,Honda,Civic 5Dr Sport,Large Cars,2018,jp
39558,Honda,Civic 2Dr,Compact Cars,2018,jp
39559,Honda,Civic 2Dr,Compact Cars,2018,jp
39560,Honda,Civic 2Dr,Compact Cars,2018,jp
39561,Honda,Civic 2Dr,Compact Cars,2018,jp
39562,Honda,Civic Si 2Dr,Compact Cars,2018,jp
39565,Honda,Civic 4Dr,Midsize Cars,2018,jp
39566,Honda,Civic 4Dr,Midsize Cars,2018,jp
39567,Honda,Civic 4Dr,Midsize Cars,2018,jp
39568,Honda,Civic 4Dr,Midsize Cars,2018,jp
39569,Honda,Civic Si 4Dr,Midsize Cars,2018,jp
39576,Honda,Civic 5Dr - Type R,Large Cars,2018,jp
39594,Honda,Accord,Large Cars,2018,jp
39595,Honda,Accord,Large Cars,2018,jp
39596,Honda,Accord,Large Cars,2018,jp
39624,Honda,CR-V FWD,Small Sport Utility Vehicle 2WD,2018,jp
39625,Honda,CR-V FWD,Small Sport Utility Vehicle 2WD,2018,jp
39628,Honda,CR-V AWD,Small Sport Utility Vehicle 4WD,2018,jp
39629,Honda,CR-V AWD,Small Sport Utility Vehicle 4WD,2018,jp
39751,Honda,Accord 2.0T Sport/Touring,Midsize Cars,2018,jp
39754,Honda,Accord,Large Cars,2018,jp
39755,Honda,Accord,Large Cars,2018,jp
39782,Honda,Clarity Plug-in Hybrid,Midsize Cars,2018,jp
39793,Honda,Pilot FWD,Small Sport Utility Vehicle 2WD,2018,jp
39794,Honda,Pilot FWD,Small Sport Utility Vehicle 2WD,2018,jp
39795,Honda,Pilot AWD,Small Sport Utility Vehicle 4WD,2018,jp
39796,Honda,Pilot AWD,Small Sport Utility Vehicle 4WD,2018,jp
39918,Honda,Accord Hybrid,Large Cars,2018,jp
40044,Honda,Clarity EV,Midsize Cars,2018,jp
39929,Honda,Ridgeline FWD,Small Pickup Trucks 2WD,2019,jp
39930,Honda,Ridgeline AWD,Standard Pickup Trucks 4WD,2019,jp
40064,Honda,Odyssey,Minivan - 2WD,2019,jp
40065,Honda,Odyssey,Minivan - 2WD,2019,jp
40075,Honda,Fit,Small Station Wagons,2019,jp
40076,Honda,Fit,Small Station Wagons,2019,jp
40077,Honda,Fit,Small Station Wagons,2019,jp
40351,Honda,Insight,Midsize Cars,2019,jp
40352,Honda,Insight Touring,Midsize Cars,2019,jp
40399,Honda,Pilot FWD,Small Sport Utility Vehicle 2WD,2019,jp
40400,Honda,Pilot FWD,Small Sport Utility Vehicle 2WD,2019,jp
40402,Honda,Pilot AWD,Small Sport Utility Vehicle 4WD,2019,jp
40403,Honda,Pilot AWD,Small Sport Utility Vehicle 4WD,2019,jp
40420,Honda,HR-V FWD,Small Station Wagons,2019,jp
40421,Honda,HR-V FWD,Small Station Wagons,2019,jp
40422,Honda,HR-V AWD,Small Station Wagons,2019,jp
40423,Honda,HR-V AWD,Small Station Wagons,2019,jp
40836,Honda,Civic 2Dr,Compact Cars,2019,jp
40837,Honda,Civic 2Dr,Compact Cars,2019,jp
40838,Honda,Civic 2Dr,Compact Cars,2019,jp
40839,Honda,Civic 2Dr,Compact Cars,2019,jp
40840,Honda,Civic 2Dr,Compact Cars,2019,jp
40841,Honda,Civic 2Dr,Compact Cars,2019,jp
40843,Honda,Civic 4Dr,Midsize Cars,2019,jp
40844,Honda,Civic 4Dr,Midsize Cars,2019,jp
40845,Honda,Civic 4Dr,Midsize Cars,2019,jp
40846,Honda,Civic 4Dr,Midsize Cars,2019,jp
40847,Honda,Civic 4Dr,Midsize Cars,2019,jp
40848,Honda,Civic 4Dr,Midsize Cars,2019,jp
40852,Honda,CR-V FWD,Small Sport Utility Vehicle 2WD,2019,jp
40853,Honda,CR-V FWD,Small Sport Utility Vehicle 2WD,2019,jp
40857,Honda,CR-V AWD,Small Sport Utility Vehicle 4WD,2019,jp
40858,Honda,CR-V AWD,Small Sport Utility Vehicle 4WD,2019,jp
40874,Honda,Accord 2.0T Sport/Touring,Midsize Cars,2019,jp
40889,Honda,Accord,Large Cars,2019,jp
40890,Honda,Accord,Large Cars,2019,jp
40891,Honda,Accord,Large Cars,2019,jp
40892,Honda,Accord,Large Cars,2019,jp
40893,Honda,Accord,Large Cars,2019,jp
40943,Honda,Accord Hybrid,Large Cars,2019,jp
41094,Honda,Civic 5Dr,Large Cars,2019,jp
41095,Honda,Civic 5Dr,Large Cars,2019,jp
41096,Honda,Civic 5Dr,Large Cars,2019,jp
41097,Honda,Civic 5Dr,Large Cars,2019,jp
41183,Honda,Clarity Plug-in Hybrid,Midsize Cars,2019,jp
41185,Honda,Clarity EV,Midsize Cars,2019,jp
41208,Honda,Passport FWD,Small Sport Utility Vehicle 2WD,2019,jp
41209,Honda,Passport AWD,Small Sport Utility Vehicle 4WD,2019,jp
41648,Honda,Insight,Midsize Cars,2020,jp
41649,Honda,Insight Touring,Midsize Cars,2020,jp
41747,Honda,Civic 5Dr,Large Cars,2020,jp
41748,Honda,Civic 5Dr,Large Cars,2020,jp
41749,Honda,Civic 5Dr,Large Cars,2020,jp
41754,Honda,Pilot FWD,Small Sport Utility Vehicle 2WD,2020,jp
41755,Honda,Pilot FWD,Small Sport Utility Vehicle 2WD,2020,jp
41761,Honda,Pilot AWD,Small Sport Utility Vehicle 4WD,2020,jp
41762,Honda,Pilot AWD,Small Sport Utility Vehicle 4WD,2020,jp
41884,Honda,Civic 2Dr,Compact Cars,2020,jp
41889,Honda,Civic 4Dr,Midsize Cars,2020,jp
41895,Honda,Odyssey,Minivan - 2WD,2020,jp
42064,Honda,Accord 2.0T Sport/Touring,Midsize Cars,2020,jp
42069,Honda,Accord,Large Cars,2020,jp
42070,Honda,Accord,Large Cars,2020,jp
42071,Honda,Accord,Large Cars,2020,jp
42072,Honda,Accord,Large Cars,2020,jp
42073,Honda,Accord,Large Cars,2020,jp
42135,Honda,Accord Hybrid,Large Cars,2020,jp
42140,Honda,Civic 2Dr,Compact Cars,2020,jp
42141,Honda,Civic 2Dr,Compact Cars,2020,jp
42142,Honda,Civic 2Dr,Compact Cars,2020,jp
42143,Honda,Civic 2Dr,Compact Cars,2020,jp
42144,Honda,Civic 2Dr,Compact Cars,2020,jp
42149,Honda,Civic 4Dr,Midsize Cars,2020,jp
42150,Honda,Civic 4Dr,Midsize Cars,2020,jp
42151,Honda,Civic 4Dr,Midsize Cars,2020,jp
42152,Honda,Civic 4Dr,Midsize Cars,2020,jp
42153,Honda,Civic 4Dr,Midsize Cars,2020,jp
42201,Honda,HR-V FWD,Small Station Wagons,2020,jp
42202,Honda,HR-V FWD,Small Station Wagons,2020,jp
42203,Honda,HR-V AWD,Small Station Wagons,2020,jp
42204,Honda,HR-V AWD,Small Station Wagons,2020,jp
42254,Honda,Passport FWD,Small Sport Utility Vehicle 2WD,2020,jp
42259,Honda,Passport AWD,Small Sport Utility Vehicle 4WD,2020,jp
42298,Honda,CR-V FWD,Small Sport Utility Vehicle 2WD,2020,jp
42299,Honda,CR-V AWD,Small Sport Utility Vehicle 4WD,2020,jp
42394,Honda,Fit,Small Station Wagons,2020,jp
42395,Honda,Fit,Small Station Wagons,2020,jp
42396,Honda,Fit,Small Station Wagons,2020,jp
42397,Honda,Ridgeline FWD,Small Pickup Trucks 2WD,2020,jp
42400,Honda,Ridgeline AWD,Standard Pickup Trucks 4WD,2020,jp
42480,Honda,Clarity Plug-in Hybrid,Midsize Cars,2020,jp
42501,Honda,Civic 5Dr,Large Cars,2020,jp
42502,Honda,CR-V Hybrid AWD,Small Sport Utility Vehicle 4WD,2020,jp
42537,Honda,Insight Touring,Compact Cars,2021,jp
42542,Honda,Insight,Midsize Cars,2021,jp
42575,Honda,Pilot FWD,Small Sport Utility Vehicle 2WD,2021,jp
42576,Honda,Pilot AWD,Small Sport Utility Vehicle 4WD,2021,jp
42848,Honda,Odyssey,Minivan - 2WD,2021,jp
42983,Honda,Clarity Plug-in Hybrid,Midsize Cars,2021,jp
43055,Honda,Civic 5Dr,Large Cars,2021,jp
43056,Honda,Civic 5Dr,Large Cars,2021,jp
43057,Honda,Civic 5Dr,Large Cars,2021,jp
43158,Honda,Passport FWD,Small Sport Utility Vehicle 2WD,2021,jp
43161,Honda,Passport AWD,Small Sport Utility Vehicle 4WD,2021,jp
43311,Honda,HR-V FWD,Small Station Wagons,2021,jp
43312,Honda,HR-V FWD,Small Station Wagons,2021,jp
43313,Honda,HR-V AWD,Small Station Wagons,2021,jp
43314,Honda,HR-V AWD,Small Station Wagons,2021,jp
43355,Honda,Civic 4Dr,Midsize Cars,2021,jp
43356,Honda,Civic 4Dr,Midsize Cars,2021,jp
43357,Honda,Civic 4Dr,Midsize Cars,2021,jp
43358,Honda,Civic 4Dr,Midsize Cars,2021,jp
43361,Honda,Accord,Large Cars,2021,jp
43362,Honda,Accord Sport/Touring,Large Cars,2021,jp
43363,Honda,Accord Sport/Touring,Large Cars,2021,jp
43364,Honda,Accord Hybrid,Large Cars,2021,jp
43365,Honda,Accord Hybrid Sport/Touring,Large Cars,2021,jp
43472,Honda,CR-V FWD,Small Sport Utility Vehicle 2WD,2021,jp
43475,Honda,CR-V AWD,Small Sport Utility Vehicle 4WD,2021,jp
43476,Honda,CR-V Hybrid AWD,Small Sport Utility Vehicle 4WD,2021,jp
43643,Honda,Civic 5Dr,Large Cars,2021,jp
43723,Honda,Ridgeline AWD,Standard Pickup Trucks 4WD,2021,jp
43697,Honda,Odyssey,Minivan - 2WD,2022,jp
43947,Honda,Insight Touring,Compact Cars,2022,jp
43948,Honda,Insight,Midsize Cars,2022,jp
44131,Honda,Civic 4Dr,Midsize Cars,2022,jp
44132,Honda,Civic 4Dr,Midsize Cars,2022,jp
44133,Honda,Civic 4Dr,Midsize Cars,2022,jp
44134,Honda,Civic 4Dr,Midsize Cars,2022,jp
44250,Honda,HR-V AWD,Small Station Wagons,2022,jp
44251,Honda,HR-V AWD,Small Station Wagons,2022,jp
44252,Honda,HR-V FWD,Small Station Wagons,2022,jp
44253,Honda,HR-V FWD,Small Station Wagons,2022,jp
44308,Honda,Pilot FWD,Small Sport Utility Vehicle 2WD,2022,jp
44319,Honda,Pilot AWD,Small Sport Utility Vehicle 4WD,2022,jp
44431,Honda,Ridgeline AWD,Standard Pickup Trucks 4WD,2022,jp
44432,Honda,CR-V FWD,Small Sport Utility Vehicle 2WD,2022,jp
44434,Honda,CR-V AWD,Small Sport Utility Vehicle 4WD,2022,jp
44435,Honda,CR-V Hybrid AWD,Small Sport Utility Vehicle 4WD,2022,jp
44545,Honda,Civic 5Dr,Large Cars,2022,jp
44546,Honda,Civic 5Dr,Large Cars,2022,jp
44547,Honda,Civic 5Dr,Large Cars,2022,jp
44548,Honda,Civic 5Dr,Large Cars,2022,jp
44549,Honda,Civic 5Dr,Large Cars,2022,jp
44550,Honda,Civic 5Dr,Large Cars,2022,jp
44565,Honda,Accord,Large Cars,2022,jp
44566,Honda,Accord Sport/Touring,Large Cars,2022,jp
44567,Honda,Accord Sport/Touring,Large Cars,2022,jp
44568,Honda,Accord Hybrid,Large Cars,2022,jp
44569,Honda,Accord Hybrid Sport/Touring,Large Cars,2022,jp
44712,Honda,Pilot AWD TrailSport,Small Sport Utility Vehicle 4WD,2022,jp
44846,Honda,Civic 4Dr,Midsize Cars,2022,jp
44901,Honda,Passport FWD,Small Sport Utility Vehicle 2WD,2022,jp
44903,Honda,Passport AWD,Small Sport Utility Vehicle 4WD,2022,jp
43133,Mazda,CX-5 4WD,Small Sport Utility Vehicle 4WD,2021,jp
43134,Mazda,CX-5 4WD,Small Sport Utility Vehicle 4WD,2021,jp
43135,Mazda,CX-9 4WD,Small Sport Utility Vehicle 4WD,2021,jp
43153,Mazda,3 4-Door 2WD,Compact Cars,2021,jp
43154,Mazda,3 4-Door 4WD,Compact Cars,2021,jp
43159,Mazda,CX-30 2WD,Small Sport Utility Vehicle 2WD,2021,jp
43163,Mazda,CX-30 4WD,Small Sport Utility Vehicle 4WD,2021,jp
43300,Mazda,6,Midsize Cars,2021,jp
43301,Mazda,6,Midsize Cars,2021,jp
43347,Mazda,3 4-Door 4WD,Compact Cars,2021,jp
43359,Mazda,3 5-Door 4WD,Midsize Cars,2021,jp
43578,Mazda,CX-30 4WD,Small Sport Utility Vehicle 4WD,2021,jp
43625,Mazda,MX-5,Two Seaters,2021,jp
43626,Mazda,MX-5,Two Seaters,2021,jp
44784,Mazda,MX-30,Midsize Cars,2022,jp
44956,Mazda,CX-9 4WD,Small Sport Utility Vehicle 4WD,2022,jp
45003,Mazda,CX-5 4WD,Small Sport Utility Vehicle 4WD,2022,jp
45004,Mazda,CX-5 4WD,Small Sport Utility Vehicle 4WD,2022,jp
45026,Mazda,MX-5,Two Seaters,2022,jp
45027,Mazda,MX-5,Two Seaters,2022,jp
45028,Mazda,3 4-Door 2WD,Compact Cars,2022,jp
45029,Mazda,3 4-Door 2WD,Compact Cars,2022,jp
45030,Mazda,3 4-Door 4WD,Compact Cars,2022,jp
45031,Mazda,3 4-Door 4WD,Compact Cars,2022,jp
45032,Mazda,3 5-Door 2WD,Midsize Cars,2022,jp
45033,Mazda,3 5-Door 2WD,Midsize Cars,2022,jp
45034,Mazda,3 5-Door 4WD,Midsize Cars,2022,jp
45035,Mazda,3 5-Door 4WD,Midsize Cars,2022,jp
45114,Mazda,CX-30 4WD,Small Sport Utility Vehicle 4WD,2022,jp
45115,Mazda,CX-30 4WD,Small Sport Utility Vehicle 4WD,2022,jp
29979,Mitsubishi,Eclipse Spyder,Minicompact Cars,2011,jp
29980,Mitsubishi,Eclipse Spyder,Minicompact Cars,2011,jp
30046,Mitsubishi,Eclipse,Subcompact Cars,2011,jp
30047,Mitsubishi,Eclipse,Subcompact Cars,2011,jp
30048,Mitsubishi,Eclipse,Subcompact Cars,2011,jp
30327,Mitsubishi,Lancer,Compact Cars,2011,jp
30328,Mitsubishi,Lancer,Compact Cars,2011,jp
30329,Mitsubishi,Lancer,Compact Cars,2011,jp
30330,Mitsubishi,Lancer,Compact Cars,2011,jp
30331,Mitsubishi,Lancer,Compact Cars,2011,jp
30332,Mitsubishi,Lancer Evolution,Compact Cars,2011,jp
30333,Mitsubishi,Lancer Evolution,Compact Cars,2011,jp
30435,Mitsubishi,Lancer Sportback,Small Station Wagons,2011,jp
30436,Mitsubishi,Lancer Sportback,Small Station Wagons,2011,jp
30437,Mitsubishi,Lancer Sportback,Small Station Wagons,2011,jp
30497,Mitsubishi,Endeavor 2WD,Sport Utility Vehicle - 2WD,2011,jp
30546,Mitsubishi,Endeavor AWD,Sport Utility Vehicle - 4WD,2011,jp
30669,Mitsubishi,Galant,Midsize Cars,2011,jp
30697,Mitsubishi,Lancer Sportback,Small Station Wagons,2011,jp
30698,Mitsubishi,Lancer Sportback,Small Station Wagons,2011,jp
30755,Mitsubishi,Outlander 2WD,Sport Utility Vehicle - 2WD,2011,jp
30756,Mitsubishi,Outlander 2WD,Sport Utility Vehicle - 2WD,2011,jp
30757,Mitsubishi,Outlander Sport 2WD,Sport Utility Vehicle - 2WD,2011,jp
30758,Mitsubishi,Outlander Sport 2WD,Sport Utility Vehicle - 2WD,2011,jp
30810,Mitsubishi,Outlander 4WD,Sport Utility Vehicle - 4WD,2011,jp
30811,Mitsubishi,Outlander 4WD,Sport Utility Vehicle - 4WD,2011,jp
30812,Mitsubishi,Outlander Sport 4WD,Sport Utility Vehicle - 4WD,2011,jp
31111,Mitsubishi,Eclipse Spyder,Minicompact Cars,2012,jp
31112,Mitsubishi,Eclipse Spyder,Minicompact Cars,2012,jp
31168,Mitsubishi,Eclipse,Subcompact Cars,2012,jp
31169,Mitsubishi,Eclipse,Subcompact Cars,2012,jp
31170,Mitsubishi,Eclipse,Subcompact Cars,2012,jp
31673,Mitsubishi,i-MiEV,Subcompact Cars,2012,jp
31758,Mitsubishi,Galant,Midsize Cars,2012,jp
31932,Mitsubishi,Outlander 2WD,Sport Utility Vehicle - 2WD,2012,jp
31933,Mitsubishi,Outlander 2WD,Sport Utility Vehicle - 2WD,2012,jp
31979,Mitsubishi,Outlander 4WD,Sport Utility Vehicle - 4WD,2012,jp
31980,Mitsubishi,Outlander 4WD,Sport Utility Vehicle - 4WD,2012,jp
32058,Mitsubishi,Lancer,Compact Cars,2012,jp
32059,Mitsubishi,Lancer,Compact Cars,2012,jp
32060,Mitsubishi,Lancer,Compact Cars,2012,jp
32061,Mitsubishi,Lancer,Compact Cars,2012,jp
32062,Mitsubishi,Lancer,Compact Cars,2012,jp
32063,Mitsubishi,Lancer AWD,Compact Cars,2012,jp
32064,Mitsubishi,Lancer Evolution,Compact Cars,2012,jp
32065,Mitsubishi,Lancer Evolution,Compact Cars,2012,jp
32106,Mitsubishi,Lancer Sportback,Small Station Wagons,2012,jp
32107,Mitsubishi,Lancer Sportback,Small Station Wagons,2012,jp
32155,Mitsubishi,Outlander Sport 2WD,Sport Utility Vehicle - 2WD,2012,jp
32156,Mitsubishi,Outlander Sport 2WD,Sport Utility Vehicle - 2WD,2012,jp
32157,Mitsubishi,Outlander Sport 4WD,Sport Utility Vehicle - 4WD,2012,jp
32942,Mitsubishi,Lancer,Compact Cars,2013,jp
32943,Mitsubishi,Lancer,Compact Cars,2013,jp
32944,Mitsubishi,Lancer,Compact Cars,2013,jp
32945,Mitsubishi,Lancer,Compact Cars,2013,jp
32946,Mitsubishi,Lancer,Compact Cars,2013,jp
32947,Mitsubishi,Lancer AWD,Compact Cars,2013,jp
32948,Mitsubishi,Lancer Evolution,Compact Cars,2013,jp
32949,Mitsubishi,Lancer Evolution,Compact Cars,2013,jp
33011,Mitsubishi,Lancer Sportback,Small Station Wagons,2013,jp
33012,Mitsubishi,Lancer Sportback,Small Station Wagons,2013,jp
33125,Mitsubishi,Outlander Sport 2WD,Small Sport Utility Vehicle 2WD,2013,jp
33126,Mitsubishi,Outlander Sport 2WD,Small Sport Utility Vehicle 2WD,2013,jp
33129,Mitsubishi,Outlander Sport 4WD,Small Sport Utility Vehicle 4WD,2013,jp
33229,Mitsubishi,Outlander 2WD,Small Sport Utility Vehicle 2WD,2013,jp
33230,Mitsubishi,Outlander 2WD,Small Sport Utility Vehicle 2WD,2013,jp
33240,Mitsubishi,Outlander 4WD,Small Sport Utility Vehicle 4WD,2013,jp
33241,Mitsubishi,Outlander 4WD,Small Sport Utility Vehicle 4WD,2013,jp
33358,Mitsubishi,i-MiEV,Subcompact Cars,2013,jp
33570,Mitsubishi,Lancer,Compact Cars,2014,jp
33571,Mitsubishi,Lancer,Compact Cars,2014,jp
33572,Mitsubishi,Lancer,Compact Cars,2014,jp
33573,Mitsubishi,Lancer,Compact Cars,2014,jp
33574,Mitsubishi,Lancer,Compact Cars,2014,jp
33575,Mitsubishi,Lancer AWD,Compact Cars,2014,jp
33576,Mitsubishi,Lancer Evolution,Compact Cars,2014,jp
33577,Mitsubishi,Lancer Evolution,Compact Cars,2014,jp
33586,Mitsubishi,Lancer Sportback,Small Station Wagons,2014,jp
33587,Mitsubishi,Lancer Sportback,Small Station Wagons,2014,jp
33591,Mitsubishi,Outlander 2WD,Small Sport Utility Vehicle 2WD,2014,jp
33594,Mitsubishi,Outlander 4WD,Small Sport Utility Vehicle 4WD,2014,jp
33595,Mitsubishi,Outlander 4WD,Small Sport Utility Vehicle 4WD,2014,jp
33964,Mitsubishi,Outlander Sport 2WD,Small Sport Utility Vehicle 2WD,2014,jp
33965,Mitsubishi,Outlander Sport 2WD,Small Sport Utility Vehicle 2WD,2014,jp
33973,Mitsubishi,Outlander Sport 4WD,Small Sport Utility Vehicle 4WD,2014,jp
34339,Mitsubishi,Mirage,Compact Cars,2014,jp
34340,Mitsubishi,Mirage,Compact Cars,2014,jp
34901,Mitsubishi,i-MiEV,Subcompact Cars,2014,jp
34988,Mitsubishi,Mirage,Compact Cars,2015,jp
34989,Mitsubishi,Mirage,Compact Cars,2015,jp
35237,Mitsubishi,Outlander 2WD,Small Sport Utility Vehicle 2WD,2015,jp
35238,Mitsubishi,Outlander Sport 2WD,Small Sport Utility Vehicle 2WD,2015,jp
35239,Mitsubishi,Outlander Sport 2WD,Small Sport Utility Vehicle 2WD,2015,jp
35243,Mitsubishi,Outlander 4WD,Small Sport Utility Vehicle 4WD,2015,jp
35244,Mitsubishi,Outlander 4WD,Small Sport Utility Vehicle 4WD,2015,jp
35245,Mitsubishi,Outlander Sport 4WD,Small Sport Utility Vehicle 4WD,2015,jp
35428,Mitsubishi,Lancer,Compact Cars,2015,jp
35429,Mitsubishi,Lancer,Compact Cars,2015,jp
35430,Mitsubishi,Lancer,Compact Cars,2015,jp
35431,Mitsubishi,Lancer,Compact Cars,2015,jp
35432,Mitsubishi,Lancer AWD,Compact Cars,2015,jp
35772,Mitsubishi,Lancer AWD,Compact Cars,2015,jp
35773,Mitsubishi,Lancer Evolution,Compact Cars,2015,jp
35774,Mitsubishi,Lancer Evolution,Compact Cars,2015,jp
36050,Mitsubishi,Outlander Sport 2WD,Small Sport Utility Vehicle 2WD,2015,jp
36051,Mitsubishi,Outlander Sport 4WD,Small Sport Utility Vehicle 4WD,2015,jp
36023,Mitsubishi,i-MiEV,Subcompact Cars,2016,jp
36329,Mitsubishi,Outlander 2WD,Small Sport Utility Vehicle 2WD,2016,jp
36337,Mitsubishi,Outlander 4WD,Small Sport Utility Vehicle 4WD,2016,jp
36338,Mitsubishi,Outlander 4WD,Small Sport Utility Vehicle 4WD,2016,jp
37099,Mitsubishi,Lancer,Compact Cars,2016,jp
37100,Mitsubishi,Lancer,Compact Cars,2016,jp
37101,Mitsubishi,Lancer,Compact Cars,2016,jp
37102,Mitsubishi,Lancer,Compact Cars,2016,jp
37145,Mitsubishi,Lancer 4WD,Compact Cars,2016,jp
37256,Mitsubishi,Outlander Sport 2WD,Small Sport Utility Vehicle 2WD,2016,jp
37257,Mitsubishi,Outlander Sport 2WD,Small Sport Utility Vehicle 2WD,2016,jp
37258,Mitsubishi,Outlander Sport 2WD,Small Sport Utility Vehicle 2WD,2016,jp
37259,Mitsubishi,Outlander Sport 4WD,Small Sport Utility Vehicle 4WD,2016,jp
37260,Mitsubishi,Outlander Sport 4WD,Small Sport Utility Vehicle 4WD,2016,jp
37290,Mitsubishi,Mirage,Compact Cars,2017,jp
37291,Mitsubishi,Mirage,Compact Cars,2017,jp
37293,Mitsubishi,i-MiEV,Subcompact Cars,2017,jp
37338,Mitsubishi,Mirage G4,Compact Cars,2017,jp
37339,Mitsubishi,Mirage G4,Compact Cars,2017,jp
38145,Mitsubishi,Lancer,Compact Cars,2017,jp
38146,Mitsubishi,Lancer,Compact Cars,2017,jp
38147,Mitsubishi,Lancer 4WD,Compact Cars,2017,jp
38281,Mitsubishi,Outlander 2WD,Small Sport Utility Vehicle 2WD,2017,jp
38282,Mitsubishi,Outlander Sport 2WD,Small Sport Utility Vehicle 2WD,2017,jp
38283,Mitsubishi,Outlander Sport 2WD,Small Sport Utility Vehicle 2WD,2017,jp
38288,Mitsubishi,Outlander 4WD,Small Sport Utility Vehicle 4WD,2017,jp
38289,Mitsubishi,Outlander 4WD,Small Sport Utility Vehicle 4WD,2017,jp
38290,Mitsubishi,Outlander Sport 4WD,Small Sport Utility Vehicle 4WD,2017,jp
38547,Mitsubishi,Outlander Sport 2WD,Small Sport Utility Vehicle 2WD,2017,jp
38548,Mitsubishi,Outlander Sport 4WD,Small Sport Utility Vehicle 4WD,2017,jp
39149,Mitsubishi,Mirage,Compact Cars,2018,jp
39150,Mitsubishi,Mirage,Compact Cars,2018,jp
39151,Mitsubishi,Mirage G4,Compact Cars,2018,jp
39152,Mitsubishi,Mirage G4,Compact Cars,2018,jp
39676,Mitsubishi,Outlander 2WD,Small Sport Utility Vehicle 2WD,2018,jp
39677,Mitsubishi,Outlander Sport 2WD,Small Sport Utility Vehicle 2WD,2018,jp
39678,Mitsubishi,Outlander Sport 2WD,Small Sport Utility Vehicle 2WD,2018,jp
39679,Mitsubishi,Outlander Sport 2WD,Small Sport Utility Vehicle 2WD,2018,jp
39687,Mitsubishi,Outlander 4WD,Small Sport Utility Vehicle 4WD,2018,jp
39688,Mitsubishi,Outlander 4WD,Small Sport Utility Vehicle 4WD,2018,jp
39689,Mitsubishi,Outlander Sport 4WD,Small Sport Utility Vehicle 4WD,2018,jp
39690,Mitsubishi,Outlander Sport 4WD,Small Sport Utility Vehicle 4WD,2018,jp
39830,Mitsubishi,Outlander PHEV,Small Sport Utility Vehicle 4WD,2018,jp
39921,Mitsubishi,Eclipse Cross 2WD,Small Sport Utility Vehicle 2WD,2018,jp
39922,Mitsubishi,Eclipse Cross ES 2WD,Small Sport Utility Vehicle 2WD,2018,jp
39923,Mitsubishi,Eclipse Cross 4WD,Small Sport Utility Vehicle 4WD,2018,jp
39924,Mitsubishi,Eclipse Cross ES 4WD,Small Sport Utility Vehicle 4WD,2018,jp
40355,Mitsubishi,Eclipse Cross 2WD,Small Sport Utility Vehicle 2WD,2019,jp
40356,Mitsubishi,Eclipse Cross ES 2WD,Small Sport Utility Vehicle 2WD,2019,jp
40359,Mitsubishi,Eclipse Cross 4WD,Small Sport Utility Vehicle 4WD,2019,jp
40360,Mitsubishi,Eclipse Cross ES 4WD,Small Sport Utility Vehicle 4WD,2019,jp
40510,Mitsubishi,Outlander 2WD,Small Sport Utility Vehicle 2WD,2019,jp
40516,Mitsubishi,Outlander 4WD,Small Sport Utility Vehicle 4WD,2019,jp
40517,Mitsubishi,Outlander 4WD,Small Sport Utility Vehicle 4WD,2019,jp
40742,Mitsubishi,Outlander Sport 2WD,Small Sport Utility Vehicle 2WD,2019,jp
40743,Mitsubishi,Outlander Sport 2WD,Small Sport Utility Vehicle 2WD,2019,jp
40744,Mitsubishi,Outlander Sport 2WD,Small Sport Utility Vehicle 2WD,2019,jp
40753,Mitsubishi,Outlander Sport 4WD,Small Sport Utility Vehicle 4WD,2019,jp
40754,Mitsubishi,Outlander Sport 4WD,Small Sport Utility Vehicle 4WD,2019,jp
40936,Mitsubishi,Mirage,Compact Cars,2019,jp
40937,Mitsubishi,Mirage,Compact Cars,2019,jp
40938,Mitsubishi,Mirage G4,Compact Cars,2019,jp
40939,Mitsubishi,Mirage G4,Compact Cars,2019,jp
41133,Mitsubishi,Outlander PHEV,Small Sport Utility Vehicle 4WD,2019,jp
41478,Mitsubishi,Outlander 2WD,Small Sport Utility Vehicle 2WD,2020,jp
41484,Mitsubishi,Outlander 4WD,Small Sport Utility Vehicle 4WD,2020,jp
41565,Mitsubishi,Eclipse Cross 2WD,Small Sport Utility Vehicle 2WD,2020,jp
41566,Mitsubishi,Eclipse Cross ES 2WD,Small Sport Utility Vehicle 2WD,2020,jp
41567,Mitsubishi,Eclipse Cross ES 4WD,Small Sport Utility Vehicle 4WD,2020,jp
41756,Mitsubishi,Outlander Sport 2WD,Small Sport Utility Vehicle 2WD,2020,jp
41768,Mitsubishi,Outlander Sport 4WD,Small Sport Utility Vehicle 4WD,2020,jp
41769,Mitsubishi,Eclipse Cross 4WD,Small Sport Utility Vehicle 4WD,2020,jp
42040,Mitsubishi,Outlander Sport 2WD,Small Sport Utility Vehicle 2WD,2020,jp
42047,Mitsubishi,Outlander 4WD,Small Sport Utility Vehicle 4WD,2020,jp
42048,Mitsubishi,Outlander Sport 4WD,Small Sport Utility Vehicle 4WD,2020,jp
42110,Mitsubishi,Outlander PHEV,Small Sport Utility Vehicle 4WD,2020,jp
42227,Mitsubishi,Mirage,Compact Cars,2020,jp
42228,Mitsubishi,Mirage,Compact Cars,2020,jp
42229,Mitsubishi,Mirage G4,Compact Cars,2020,jp
42230,Mitsubishi,Mirage G4,Compact Cars,2020,jp
43473,Mitsubishi,Outlander Sport 2WD,Small Sport Utility Vehicle 2WD,2021,jp
43474,Mitsubishi,Outlander Sport 2WD,Small Sport Utility Vehicle 2WD,2021,jp
43477,Mitsubishi,Outlander Sport 4WD,Small Sport Utility Vehicle 4WD,2021,jp
43478,Mitsubishi,Outlander Sport 4WD,Small Sport Utility Vehicle 4WD,2021,jp
43566,Mitsubishi,Mirage,Compact Cars,2021,jp
43567,Mitsubishi,Mirage,Compact Cars,2021,jp
43568,Mitsubishi,Mirage G4,Compact Cars,2021,jp
43569,Mitsubishi,Mirage G4,Compact Cars,2021,jp
43726,Mitsubishi,Outlander PHEV,Small Sport Utility Vehicle 4WD,2021,jp
43705,Mitsubishi,Eclipse Cross 2WD,Small Sport Utility Vehicle 2WD,2022,jp
43706,Mitsubishi,Eclipse Cross ES 2WD,Small Sport Utility Vehicle 2WD,2022,jp
43708,Mitsubishi,Eclipse Cross 4WD,Small Sport Utility Vehicle 4WD,2022,jp
43709,Mitsubishi,Eclipse Cross ES 4WD,Small Sport Utility Vehicle 4WD,2022,jp
43751,Mitsubishi,Outlander 2WD,Small Sport Utility Vehicle 2WD,2022,jp
43756,Mitsubishi,Outlander 4WD,Small Sport Utility Vehicle 4WD,2022,jp
44288,Mitsubishi,Mirage,Compact Cars,2022,jp
44289,Mitsubishi,Mirage,Compact Cars,2022,jp
44290,Mitsubishi,Mirage G4,Compact Cars,2022,jp
44291,Mitsubishi,Mirage G4,Compact Cars,2022,jp
44309,Mitsubishi,Outlander Sport 2WD,Small Sport Utility Vehicle 2WD,2022,jp
44310,Mitsubishi,Outlander Sport 2WD,Small Sport Utility Vehicle 2WD,2022,jp
44320,Mitsubishi,Outlander Sport 4WD,Small Sport Utility Vehicle 4WD,2022,jp
44321,Mitsubishi,Outlander Sport 4WD,Small Sport Utility Vehicle 4WD,2022,jp
44460,Mitsubishi,Outlander PHEV,Small Sport Utility Vehicle 4WD,2022,jp
44411,Nissan,Armada 4WD,Standard Sport Utility Vehicle 4WD,2022,jp
44412,Nissan,Armada 4WD,Standard Sport Utility Vehicle 4WD,2022,jp
44446,Nissan,Leaf (40 kW-hr battery pack),Midsize Cars,2022,jp
44447,Nissan,Leaf (62 kW-hr battery pack),Midsize Cars,2022,jp
44448,Nissan,Leaf SV/SL (62 kW-hr battery pack),Midsize Cars,2022,jp
44458,Nissan,Frontier 2WD,Standard Pickup Trucks 2WD,2022,jp
44459,Nissan,Frontier 4WD,Standard Pickup Trucks 4WD,2022,jp
44803,Nissan,Altima,Midsize Cars,2022,jp
44804,Nissan,Altima SR,Midsize Cars,2022,jp
44805,Nissan,Altima AWD,Midsize Cars,2022,jp
44806,Nissan,Altima AWD SR/Platinum,Midsize Cars,2022,jp
44807,Nissan,Altima SV/SL,Midsize Cars,2022,jp
44808,Nissan,Altima SR,Midsize Cars,2022,jp
44847,Nissan,Maxima,Midsize Cars,2022,jp
44849,Nissan,Murano FWD,Midsize Station Wagons,2022,jp
44850,Nissan,Murano AWD,Midsize Station Wagons,2022,jp
44888,Nissan,Versa,Compact Cars,2022,jp
44889,Nissan,Versa,Compact Cars,2022,jp
44890,Nissan,Sentra,Midsize Cars,2022,jp
44891,Nissan,Sentra SR,Midsize Cars,2022,jp
44942,Nissan,Rogue FWD,Small Sport Utility Vehicle 2WD,2022,jp
44943,Nissan,Rogue FWD SL/Platinum,Small Sport Utility Vehicle 2WD,2022,jp
44947,Nissan,Rogue AWD,Small Sport Utility Vehicle 4WD,2022,jp
44948,Nissan,Rogue AWD SL/Platinum,Small Sport Utility Vehicle 4WD,2022,jp
45036,Nissan,Kicks,Midsize Cars,2022,jp
45061,Nissan,Rogue Sport AWD,Small Station Wagons,2022,jp
45062,Nissan,Rogue Sport,Small Station Wagons,2022,jp
45111,Nissan,Titan 2WD,Standard Pickup Trucks 2WD,2022,jp
45112,Nissan,Titan 4WD,Standard Pickup Trucks 4WD,2022,jp
45113,Nissan,Titan 4WD PRO4X,Standard Pickup Trucks 4WD,2022,jp
30292,Suzuki,Swift x,Subcompact Cars,2011,jp
30294,Suzuki,Swift x,Subcompact Cars,2011,jp
30643,Suzuki,SX4 Sedan,Compact Cars,2011,jp
30644,Suzuki,SX4 Sedan,Compact Cars,2011,jp
30645,Suzuki,SX4 Sport/Anniversary Edition,Compact Cars,2011,jp
30646,Suzuki,SX4 Sport/Anniversary Edition,Compact Cars,2011,jp
30647,Suzuki,Kizashi S,Compact Cars,2011,jp
30648,Suzuki,Kizashi,Compact Cars,2011,jp
30649,Suzuki,Kizashi S,Compact Cars,2011,jp
30650,Suzuki,Kizashi,Compact Cars,2011,jp
30651,Suzuki,Kizashi S AWD,Compact Cars,2011,jp
30652,Suzuki,Kizashi AWD,Compact Cars,2011,jp
30699,Suzuki,SX4 AWD,Small Station Wagons,2011,jp
30700,Suzuki,SX4 AWD,Small Station Wagons,2011,jp
30701,Suzuki,SX4,Small Station Wagons,2011,jp
30702,Suzuki,SX4,Small Station Wagons,2011,jp
30710,Suzuki,Equator 2WD,Small Pickup Trucks 2WD,2011,jp
30711,Suzuki,Equator 2WD,Small Pickup Trucks 2WD,2011,jp
30762,Suzuki,Grand Vitara,Sport Utility Vehicle - 2WD,2011,jp
30763,Suzuki,Grand Vitara,Sport Utility Vehicle - 2WD,2011,jp
30822,Suzuki,Grand Vitara 4WD,Sport Utility Vehicle - 4WD,2011,jp
30878,Suzuki,Equator 2WD,Small Pickup Trucks 2WD,2011,jp
30881,Suzuki,Equator 4WD,Small Pickup Trucks 4WD,2011,jp
31724,Suzuki,SX4 Sedan,Compact Cars,2012,jp
31725,Suzuki,SX4 Sedan,Compact Cars,2012,jp
31726,Suzuki,SX4 Sport,Compact Cars,2012,jp
31727,Suzuki,SX4 Sport,Compact Cars,2012,jp
31728,Suzuki,Kizashi S,Compact Cars,2012,jp
31729,Suzuki,Kizashi,Compact Cars,2012,jp
31730,Suzuki,Kizashi S,Compact Cars,2012,jp
31731,Suzuki,Kizashi,Compact Cars,2012,jp
31732,Suzuki,Kizashi S AWD,Compact Cars,2012,jp
31733,Suzuki,Kizashi AWD,Compact Cars,2012,jp
31832,Suzuki,SX4 AWD,Small Station Wagons,2012,jp
31833,Suzuki,SX4 AWD,Small Station Wagons,2012,jp
31834,Suzuki,SX4,Small Station Wagons,2012,jp
31835,Suzuki,SX4,Small Station Wagons,2012,jp
31841,Suzuki,Equator 2WD,Small Pickup Trucks 2WD,2012,jp
31842,Suzuki,Equator 2WD,Small Pickup Trucks 2WD,2012,jp
31843,Suzuki,Equator 2WD,Small Pickup Trucks 2WD,2012,jp
31850,Suzuki,Equator 4WD,Small Pickup Trucks 4WD,2012,jp
31938,Suzuki,Grand Vitara,Sport Utility Vehicle - 2WD,2012,jp
31939,Suzuki,Grand Vitara,Sport Utility Vehicle - 2WD,2012,jp
31993,Suzuki,Grand Vitara 4WD,Sport Utility Vehicle - 4WD,2012,jp
33048,Suzuki,SX4 AWD,Subcompact Cars,2013,jp
33049,Suzuki,SX4 AWD,Subcompact Cars,2013,jp
33050,Suzuki,SX4,Subcompact Cars,2013,jp
33051,Suzuki,SX4,Subcompact Cars,2013,jp
33062,Suzuki,SX4 Sedan,Compact Cars,2013,jp
33063,Suzuki,SX4 Sedan,Compact Cars,2013,jp
33064,Suzuki,SX4 Sport,Compact Cars,2013,jp
33065,Suzuki,SX4 Sport,Compact Cars,2013,jp
33066,Suzuki,Kizashi,Compact Cars,2013,jp
33067,Suzuki,Kizashi S,Compact Cars,2013,jp
33068,Suzuki,Kizashi,Compact Cars,2013,jp
33069,Suzuki,Kizashi S AWD,Compact Cars,2013,jp
33070,Suzuki,Kizashi AWD,Compact Cars,2013,jp
33127,Suzuki,Grand Vitara,Small Sport Utility Vehicle 2WD,2013,jp
33128,Suzuki,Grand Vitara,Small Sport Utility Vehicle 2WD,2013,jp
33130,Suzuki,Grand Vitara 4WD,Small Sport Utility Vehicle 4WD,2013,jp
30086,Toyota,Camry,Midsize Cars,2011,jp
30087,Toyota,Camry,Midsize Cars,2011,jp
30088,Toyota,Camry,Midsize Cars,2011,jp
30089,Toyota,Camry Hybrid,Midsize Cars,2011,jp
30112,Toyota,Avalon,Large Cars,2011,jp
30175,Toyota,Sienna 2WD,Minivan - 2WD,2011,jp
30176,Toyota,Sienna 2WD,Minivan - 2WD,2011,jp
30177,Toyota,Sienna AWD,Minivan - 4WD,2011,jp
30445,Toyota,Tacoma 2WD,Small Pickup Trucks 2WD,2011,jp
30446,Toyota,Tacoma 2WD,Small Pickup Trucks 2WD,2011,jp
30447,Toyota,Tacoma 2WD,Small Pickup Trucks 2WD,2011,jp
30448,Toyota,Tacoma 2WD,Small Pickup Trucks 2WD,2011,jp
30449,Toyota,Tacoma 4WD,Small Pickup Trucks 4WD,2011,jp
30450,Toyota,Tacoma 4WD,Small Pickup Trucks 4WD,2011,jp
30451,Toyota,Tacoma 4WD,Small Pickup Trucks 4WD,2011,jp
30452,Toyota,Tacoma 4WD,Small Pickup Trucks 4WD,2011,jp
30623,Toyota,Yaris,Subcompact Cars,2011,jp
30624,Toyota,Yaris,Subcompact Cars,2011,jp
30715,Toyota,Tundra 2WD,Standard Pickup Trucks 2WD,2011,jp
30716,Toyota,Tundra 2WD,Standard Pickup Trucks 2WD,2011,jp
30720,Toyota,Tundra 4WD,Standard Pickup Trucks 4WD,2011,jp
30721,Toyota,Tundra 4WD,Standard Pickup Trucks 4WD,2011,jp
30722,Toyota,Tundra 4WD FFV,Standard Pickup Trucks 4WD,2011,jp
30764,Toyota,RAV4 2WD,Sport Utility Vehicle - 2WD,2011,jp
30765,Toyota,Highlander 2WD,Sport Utility Vehicle - 2WD,2011,jp
30766,Toyota,Highlander 2WD,Sport Utility Vehicle - 2WD,2011,jp
30767,Toyota,RAV4 2WD,Sport Utility Vehicle - 2WD,2011,jp
30768,Toyota,4Runner 2WD,Sport Utility Vehicle - 2WD,2011,jp
30769,Toyota,4Runner 2WD,Sport Utility Vehicle - 2WD,2011,jp
30770,Toyota,Sequoia 2WD,Sport Utility Vehicle - 2WD,2011,jp
30771,Toyota,Sequoia 2WD,Sport Utility Vehicle - 2WD,2011,jp
30823,Toyota,RAV4 4WD,Sport Utility Vehicle - 4WD,2011,jp
30824,Toyota,Highlander 4WD,Sport Utility Vehicle - 4WD,2011,jp
30825,Toyota,RAV4 4WD,Sport Utility Vehicle - 4WD,2011,jp
30826,Toyota,Highlander Hybrid 4WD,Sport Utility Vehicle - 4WD,2011,jp
30827,Toyota,4Runner 4WD,Sport Utility Vehicle - 4WD,2011,jp
30828,Toyota,4Runner 4WD,Sport Utility Vehicle - 4WD,2011,jp
30829,Toyota,Sequoia 4WD,Sport Utility Vehicle - 4WD,2011,jp
30830,Toyota,Land Cruiser Wagon 4WD,Sport Utility Vehicle - 4WD,2011,jp
30831,Toyota,Sequoia 4WD,Sport Utility Vehicle - 4WD,2011,jp
30832,Toyota,Sequoia 4WD FFV,Sport Utility Vehicle - 4WD,2011,jp
30846,Toyota,Corolla,Compact Cars,2011,jp
30847,Toyota,Corolla,Compact Cars,2011,jp
30848,Toyota,Corolla,Compact Cars,2011,jp
30849,Toyota,Corolla,Compact Cars,2011,jp
30870,Toyota,Matrix,Small Station Wagons,2011,jp
30871,Toyota,Matrix,Small Station Wagons,2011,jp
30872,Toyota,Matrix,Small Station Wagons,2011,jp
30873,Toyota,Matrix,Small Station Wagons,2011,jp
30874,Toyota,Matrix,Small Station Wagons,2011,jp
30882,Toyota,Tundra 2WD,Standard Pickup Trucks 2WD,2011,jp
30897,Toyota,FJ Cruiser 2WD,Sport Utility Vehicle - 2WD,2011,jp
30898,Toyota,Venza,Sport Utility Vehicle - 2WD,2011,jp
30899,Toyota,Venza,Sport Utility Vehicle - 2WD,2011,jp
30913,Toyota,FJ Cruiser 4WD,Sport Utility Vehicle - 4WD,2011,jp
30914,Toyota,FJ Cruiser 4WD,Sport Utility Vehicle - 4WD,2011,jp
30915,Toyota,Venza AWD,Sport Utility Vehicle - 4WD,2011,jp
30916,Toyota,Venza AWD,Sport Utility Vehicle - 4WD,2011,jp
30919,Toyota,Prius,Midsize Cars,2011,jp
31734,Toyota,Yaris,Compact Cars,2012,jp
31735,Toyota,Yaris,Compact Cars,2012,jp
31765,Toyota,Camry,Midsize Cars,2012,jp
31766,Toyota,Camry,Midsize Cars,2012,jp
31767,Toyota,Prius,Midsize Cars,2012,jp
31836,Toyota,Prius v,Midsize Station Wagons,2012,jp
31844,Toyota,Tacoma 2WD,Small Pickup Trucks 2WD,2012,jp
31845,Toyota,Tacoma 2WD,Small Pickup Trucks 2WD,2012,jp
31846,Toyota,Tacoma 2WD,Small Pickup Trucks 2WD,2012,jp
31847,Toyota,Tacoma 2WD,Small Pickup Trucks 2WD,2012,jp
31851,Toyota,Tacoma 4WD,Small Pickup Trucks 4WD,2012,jp
31852,Toyota,Tacoma 4WD,Small Pickup Trucks 4WD,2012,jp
31853,Toyota,Tacoma 4WD,Small Pickup Trucks 4WD,2012,jp
31854,Toyota,Tacoma 4WD,Small Pickup Trucks 4WD,2012,jp
31859,Toyota,Tundra 2WD,Standard Pickup Trucks 2WD,2012,jp
31860,Toyota,Tundra 2WD,Standard Pickup Trucks 2WD,2012,jp
31861,Toyota,Tundra 2WD,Standard Pickup Trucks 2WD,2012,jp
31866,Toyota,Tundra 4WD,Standard Pickup Trucks 4WD,2012,jp
31867,Toyota,Tundra 4WD,Standard Pickup Trucks 4WD,2012,jp
31868,Toyota,Tundra 4WD FFV,Standard Pickup Trucks 4WD,2012,jp
31897,Toyota,Sienna 2WD,Minivan - 2WD,2012,jp
31898,Toyota,Sienna 2WD,Minivan - 2WD,2012,jp
31899,Toyota,Sienna AWD,Minivan - 4WD,2012,jp
31940,Toyota,Highlander 2WD,Sport Utility Vehicle - 2WD,2012,jp
31941,Toyota,Highlander 2WD,Sport Utility Vehicle - 2WD,2012,jp
31942,Toyota,FJ Cruiser 2WD,Sport Utility Vehicle - 2WD,2012,jp
31943,Toyota,Sequoia 2WD,Sport Utility Vehicle - 2WD,2012,jp
31944,Toyota,Sequoia 2WD,Sport Utility Vehicle - 2WD,2012,jp
31994,Toyota,Highlander 4WD,Sport Utility Vehicle - 4WD,2012,jp
31995,Toyota,Highlander Hybrid 4WD,Sport Utility Vehicle - 4WD,2012,jp
31996,Toyota,FJ Cruiser 4WD,Sport Utility Vehicle - 4WD,2012,jp
31997,Toyota,FJ Cruiser 4WD,Sport Utility Vehicle - 4WD,2012,jp
31998,Toyota,Sequoia 4WD,Sport Utility Vehicle - 4WD,2012,jp
31999,Toyota,Sequoia 4WD,Sport Utility Vehicle - 4WD,2012,jp
32000,Toyota,Sequoia 4WD FFV,Sport Utility Vehicle - 4WD,2012,jp
32092,Toyota,Camry Hybrid LE,Midsize Cars,2012,jp
32093,Toyota,Camry Hybrid XLE,Midsize Cars,2012,jp
32134,Toyota,4Runner 2WD,Sport Utility Vehicle - 2WD,2012,jp
32152,Toyota,4Runner 4WD,Sport Utility Vehicle - 4WD,2012,jp
32153,Toyota,4Runner 4WD,Sport Utility Vehicle - 4WD,2012,jp
32163,Toyota,Avalon,Large Cars,2012,jp
32181,Toyota,Corolla,Compact Cars,2012,jp
32182,Toyota,Corolla,Compact Cars,2012,jp
32183,Toyota,Prius c,Compact Cars,2012,jp
32191,Toyota,Matrix,Small Station Wagons,2012,jp
32192,Toyota,Matrix,Small Station Wagons,2012,jp
32193,Toyota,Matrix,Small Station Wagons,2012,jp
32194,Toyota,Matrix,Small Station Wagons,2012,jp
32195,Toyota,Matrix,Small Station Wagons,2012,jp
32196,Toyota,RAV4 2WD,Sport Utility Vehicle - 2WD,2012,jp
32197,Toyota,RAV4 2WD,Sport Utility Vehicle - 2WD,2012,jp
32198,Toyota,Venza,Sport Utility Vehicle - 2WD,2012,jp
32199,Toyota,Venza,Sport Utility Vehicle - 2WD,2012,jp
32200,Toyota,RAV4 4WD,Sport Utility Vehicle - 4WD,2012,jp
32201,Toyota,RAV4 4WD,Sport Utility Vehicle - 4WD,2012,jp
32202,Toyota,Venza AWD,Sport Utility Vehicle - 4WD,2012,jp
32203,Toyota,Venza AWD,Sport Utility Vehicle - 4WD,2012,jp
32484,Toyota,Prius Plug-in Hybrid,Midsize Cars,2012,jp
33308,Toyota,RAV4 EV,Sport Utility Vehicle - 2WD,2012,jp
32227,Toyota,Land Cruiser Wagon 4WD,Standard Sport Utility Vehicle 4WD,2013,jp
32551,Toyota,Venza,Small Sport Utility Vehicle 2WD,2013,jp
32552,Toyota,Venza,Small Sport Utility Vehicle 2WD,2013,jp
32553,Toyota,Venza AWD,Small Sport Utility Vehicle 4WD,2013,jp
32554,Toyota,Venza AWD,Small Sport Utility Vehicle 4WD,2013,jp
32950,Toyota,Corolla,Compact Cars,2013,jp
32951,Toyota,Corolla,Compact Cars,2013,jp
33108,Toyota,Matrix,Small Station Wagons,2013,jp
33109,Toyota,Matrix,Small Station Wagons,2013,jp
33110,Toyota,Matrix,Small Station Wagons,2013,jp
33111,Toyota,Matrix,Small Station Wagons,2013,jp
33112,Toyota,Matrix,Small Station Wagons,2013,jp
33113,Toyota,Tacoma 2WD,Small Pickup Trucks 2WD,2013,jp
33114,Toyota,Tacoma 2WD,Small Pickup Trucks 2WD,2013,jp
33115,Toyota,Tacoma 2WD,Small Pickup Trucks 2WD,2013,jp
33116,Toyota,Tacoma 2WD,Small Pickup Trucks 2WD,2013,jp
33117,Toyota,Tacoma 4WD,Small Pickup Trucks 4WD,2013,jp
33118,Toyota,Tacoma 4WD,Small Pickup Trucks 4WD,2013,jp
33119,Toyota,Tacoma 4WD,Small Pickup Trucks 4WD,2013,jp
33120,Toyota,Tacoma 4WD,Small Pickup Trucks 4WD,2013,jp
33121,Toyota,Sienna 2WD,Minivan - 2WD,2013,jp
33122,Toyota,Sienna 2WD,Minivan - 2WD,2013,jp
33123,Toyota,Sienna AWD,Minivan - 4WD,2013,jp
33194,Toyota,Tundra 2WD,Standard Pickup Trucks 2WD,2013,jp
33195,Toyota,Tundra 2WD,Standard Pickup Trucks 2WD,2013,jp
33196,Toyota,Tundra 2WD,Standard Pickup Trucks 2WD,2013,jp
33210,Toyota,Tundra 4WD,Standard Pickup Trucks 4WD,2013,jp
33211,Toyota,Tundra 4WD,Standard Pickup Trucks 4WD,2013,jp
33212,Toyota,Tundra 4WD FFV,Standard Pickup Trucks 4WD,2013,jp
33231,Toyota,Highlander 2WD,Small Sport Utility Vehicle 2WD,2013,jp
33232,Toyota,Highlander 2WD,Small Sport Utility Vehicle 2WD,2013,jp
33233,Toyota,FJ Cruiser 2WD,Small Sport Utility Vehicle 2WD,2013,jp
33242,Toyota,Highlander 4WD,Small Sport Utility Vehicle 4WD,2013,jp
33243,Toyota,FJ Cruiser 4WD,Small Sport Utility Vehicle 4WD,2013,jp
33244,Toyota,FJ Cruiser 4WD,Small Sport Utility Vehicle 4WD,2013,jp
33249,Toyota,4Runner 2WD,Standard Sport Utility Vehicle 2WD,2013,jp
33250,Toyota,Sequoia 2WD,Standard Sport Utility Vehicle 2WD,2013,jp
33260,Toyota,Highlander Hybrid 4WD,Standard Sport Utility Vehicle 4WD,2013,jp
33261,Toyota,4Runner 4WD,Standard Sport Utility Vehicle 4WD,2013,jp
33262,Toyota,4Runner 4WD,Standard Sport Utility Vehicle 4WD,2013,jp
33263,Toyota,Sequoia 4WD,Standard Sport Utility Vehicle 4WD,2013,jp
33264,Toyota,Sequoia 4WD FFV,Standard Sport Utility Vehicle 4WD,2013,jp
33289,Toyota,Yaris,Compact Cars,2013,jp
33290,Toyota,Yaris,Compact Cars,2013,jp
33315,Toyota,Prius c,Compact Cars,2013,jp
33324,Toyota,Prius,Midsize Cars,2013,jp
33331,Toyota,Prius v,Midsize Station Wagons,2013,jp
33335,Toyota,Prius Plug-in Hybrid,Midsize Cars,2013,jp
33348,Toyota,Avalon,Midsize Cars,2013,jp
33372,Toyota,Camry,Midsize Cars,2013,jp
33373,Toyota,Avalon Hybrid,Midsize Cars,2013,jp
33374,Toyota,Camry Hybrid LE,Midsize Cars,2013,jp
33375,Toyota,Camry Hybrid XLE,Midsize Cars,2013,jp
33376,Toyota,Avalon,Midsize Cars,2013,jp
33377,Toyota,Camry,Midsize Cars,2013,jp
33397,Toyota,RAV4 EV,Small Sport Utility Vehicle 2WD,2013,jp
33425,Toyota,RAV4 2WD,Small Sport Utility Vehicle 2WD,2013,jp
33428,Toyota,RAV4 AWD,Small Sport Utility Vehicle 4WD,2013,jp
33429,Toyota,RAV4 Limited AWD,Small Sport Utility Vehicle 4WD,2013,jp
33924,Toyota,Yaris,Compact Cars,2014,jp
33925,Toyota,Yaris,Compact Cars,2014,jp
34236,Toyota,Sequoia 2WD,Standard Sport Utility Vehicle 2WD,2014,jp
34242,Toyota,Sequoia 4WD FFV,Standard Sport Utility Vehicle 4WD,2014,jp
34243,Toyota,Sequoia 4WD,Standard Sport Utility Vehicle 4WD,2014,jp
34249,Toyota,Tundra 2WD,Standard Pickup Trucks 2WD,2014,jp
34250,Toyota,Tundra 2WD,Standard Pickup Trucks 2WD,2014,jp
34251,Toyota,Tundra 2WD,Standard Pickup Trucks 2WD,2014,jp
34252,Toyota,Tundra 4WD,Standard Pickup Trucks 4WD,2014,jp
34253,Toyota,Tundra 4WD,Standard Pickup Trucks 4WD,2014,jp
34254,Toyota,Tundra 4WD FFV,Standard Pickup Trucks 4WD,2014,jp
34255,Toyota,Venza,Small Sport Utility Vehicle 2WD,2014,jp
34256,Toyota,Venza,Small Sport Utility Vehicle 2WD,2014,jp
34257,Toyota,Venza 4WD,Small Sport Utility Vehicle 4WD,2014,jp
34258,Toyota,Venza 4WD,Small Sport Utility Vehicle 4WD,2014,jp
34289,Toyota,Camry,Midsize Cars,2014,jp
34290,Toyota,Camry Hybrid LE,Midsize Cars,2014,jp
34291,Toyota,Camry Hybrid XLE/SE,Midsize Cars,2014,jp
34292,Toyota,Camry,Midsize Cars,2014,jp
34317,Toyota,Prius v,Midsize Station Wagons,2014,jp
34320,Toyota,FJ Cruiser 2WD,Small Sport Utility Vehicle 2WD,2014,jp
34321,Toyota,FJ Cruiser 4WD,Small Sport Utility Vehicle 4WD,2014,jp
34322,Toyota,FJ Cruiser 4WD,Small Sport Utility Vehicle 4WD,2014,jp
34327,Toyota,Land Cruiser Wagon 4WD,Standard Sport Utility Vehicle 4WD,2014,jp
34371,Toyota,Sienna 2WD,Minivan - 2WD,2014,jp
34372,Toyota,Sienna AWD,Minivan - 4WD,2014,jp
34398,Toyota,Corolla,Midsize Cars,2014,jp
34399,Toyota,Corolla,Midsize Cars,2014,jp
34400,Toyota,Corolla,Midsize Cars,2014,jp
34401,Toyota,Corolla,Midsize Cars,2014,jp
34402,Toyota,Corolla LE Eco,Midsize Cars,2014,jp
34403,Toyota,Corolla LE Eco,Midsize Cars,2014,jp
34404,Toyota,Tacoma 2WD,Small Pickup Trucks 2WD,2014,jp
34405,Toyota,Tacoma 2WD,Small Pickup Trucks 2WD,2014,jp
34406,Toyota,Tacoma 2WD,Small Pickup Trucks 2WD,2014,jp
34407,Toyota,Tacoma 2WD,Small Pickup Trucks 2WD,2014,jp
34408,Toyota,Tacoma 4WD,Small Pickup Trucks 4WD,2014,jp
34409,Toyota,Tacoma 4WD,Small Pickup Trucks 4WD,2014,jp
34410,Toyota,Tacoma 4WD,Small Pickup Trucks 4WD,2014,jp
34411,Toyota,Tacoma 4WD,Small Pickup Trucks 4WD,2014,jp
34425,Toyota,RAV4 EV,Small Sport Utility Vehicle 2WD,2014,jp
34452,Toyota,4Runner 2WD,Standard Sport Utility Vehicle 2WD,2014,jp
34453,Toyota,4Runner 4WD,Standard Sport Utility Vehicle 4WD,2014,jp
34454,Toyota,4Runner 4WD,Standard Sport Utility Vehicle 4WD,2014,jp
34486,Toyota,Avalon Hybrid,Midsize Cars,2014,jp
34487,Toyota,Avalon,Midsize Cars,2014,jp
34488,Toyota,Avalon,Midsize Cars,2014,jp
34489,Toyota,Prius,Midsize Cars,2014,jp
34516,Toyota,Prius Plug-in Hybrid,Midsize Cars,2014,jp
34628,Toyota,Highlander 2WD,Small Sport Utility Vehicle 2WD,2014,jp
34629,Toyota,Highlander 2WD,Small Sport Utility Vehicle 2WD,2014,jp
34630,Toyota,RAV4,Small Sport Utility Vehicle 2WD,2014,jp
34633,Toyota,RAV4 AWD,Small Sport Utility Vehicle 4WD,2014,jp
34634,Toyota,RAV4 Limited AWD,Small Sport Utility Vehicle 4WD,2014,jp
34637,Toyota,Highlander AWD,Standard Sport Utility Vehicle 4WD,2014,jp
34639,Toyota,Prius c,Compact Cars,2014,jp
34723,Toyota,Highlander Hybrid AWD,Standard Sport Utility Vehicle 4WD,2014,jp
34724,Toyota,Highlander Hybrid AWD LE Plus,Standard Sport Utility Vehicle 4WD,2014,jp
35297,Toyota,Yaris,Compact Cars,2015,jp
35298,Toyota,Yaris,Compact Cars,2015,jp
35453,Toyota,Tacoma 2WD,Small Pickup Trucks 2WD,2015,jp
35454,Toyota,Tacoma 2WD,Small Pickup Trucks 2WD,2015,jp
35455,Toyota,Tacoma 2WD,Small Pickup Trucks 2WD,2015,jp
35456,Toyota,Tacoma 2WD,Small Pickup Trucks 2WD,2015,jp
35457,Toyota,Tacoma 4WD,Small Pickup Trucks 4WD,2015,jp
35458,Toyota,Tacoma 4WD,Small Pickup Trucks 4WD,2015,jp
35459,Toyota,Tacoma 4WD,Small Pickup Trucks 4WD,2015,jp
35460,Toyota,Tacoma 4WD,Small Pickup Trucks 4WD,2015,jp
35498,Toyota,Corolla,Midsize Cars,2015,jp
35499,Toyota,Corolla,Midsize Cars,2015,jp
35500,Toyota,Corolla,Midsize Cars,2015,jp
35501,Toyota,Corolla LE Eco,Midsize Cars,2015,jp
35502,Toyota,Corolla LE Eco,Midsize Cars,2015,jp
35503,Toyota,Corolla,Midsize Cars,2015,jp
35512,Toyota,Venza,Small Sport Utility Vehicle 2WD,2015,jp
35513,Toyota,Venza,Small Sport Utility Vehicle 2WD,2015,jp
35514,Toyota,Highlander 2WD,Small Sport Utility Vehicle 2WD,2015,jp
35515,Toyota,Highlander 2WD,Small Sport Utility Vehicle 2WD,2015,jp
35516,Toyota,Venza 4WD,Small Sport Utility Vehicle 4WD,2015,jp
35517,Toyota,Venza 4WD,Small Sport Utility Vehicle 4WD,2015,jp
35524,Toyota,Highlander AWD,Standard Sport Utility Vehicle 4WD,2015,jp
35525,Toyota,Highlander Hybrid AWD,Standard Sport Utility Vehicle 4WD,2015,jp
35526,Toyota,Highlander Hybrid AWD LE Plus,Standard Sport Utility Vehicle 4WD,2015,jp
35556,Toyota,Prius,Midsize Cars,2015,jp
35577,Toyota,RAV4,Small Sport Utility Vehicle 2WD,2015,jp
35578,Toyota,RAV4 AWD,Small Sport Utility Vehicle 4WD,2015,jp
35579,Toyota,RAV4 Limited AWD,Small Sport Utility Vehicle 4WD,2015,jp
35586,Toyota,4Runner 2WD,Standard Sport Utility Vehicle 2WD,2015,jp
35595,Toyota,4Runner 4WD,Standard Sport Utility Vehicle 4WD,2015,jp
35596,Toyota,Land Cruiser Wagon 4WD,Standard Sport Utility Vehicle 4WD,2015,jp
35597,Toyota,4Runner 4WD,Standard Sport Utility Vehicle 4WD,2015,jp
35598,Toyota,Prius Plug-in Hybrid,Midsize Cars,2015,jp
35648,Toyota,Sequoia 2WD,Standard Sport Utility Vehicle 2WD,2015,jp
35650,Toyota,Sequoia 4WD FFV,Standard Sport Utility Vehicle 4WD,2015,jp
35651,Toyota,Sequoia 4WD,Standard Sport Utility Vehicle 4WD,2015,jp
35679,Toyota,Tundra 2WD,Standard Pickup Trucks 2WD,2015,jp
35680,Toyota,Tundra 2WD,Standard Pickup Trucks 2WD,2015,jp
35681,Toyota,Tundra 4WD,Standard Pickup Trucks 4WD,2015,jp
35682,Toyota,Tundra 4WD FFV,Standard Pickup Trucks 4WD,2015,jp
35683,Toyota,Tundra 4WD,Standard Pickup Trucks 4WD,2015,jp
35686,Toyota,Sienna 2WD,Minivan - 2WD,2015,jp
35687,Toyota,Sienna AWD,Minivan - 4WD,2015,jp
35734,Toyota,Camry,Midsize Cars,2015,jp
35735,Toyota,Camry,Midsize Cars,2015,jp
35736,Toyota,Camry Hybrid LE,Midsize Cars,2015,jp
35737,Toyota,Camry Hybrid XLE/SE,Midsize Cars,2015,jp
35775,Toyota,Prius c,Compact Cars,2015,jp
35780,Toyota,Avalon Hybrid,Midsize Cars,2015,jp
35782,Toyota,Prius v,Midsize Station Wagons,2015,jp
35786,Toyota,RAV4 LE/XLE,Small Sport Utility Vehicle 2WD,2015,jp
35891,Toyota,Avalon,Midsize Cars,2015,jp
36196,Toyota,Yaris,Compact Cars,2016,jp
36197,Toyota,Yaris,Compact Cars,2016,jp
36795,Toyota,Camry,Midsize Cars,2016,jp
36796,Toyota,Camry Hybrid LE,Midsize Cars,2016,jp
36797,Toyota,Camry Hybrid XLE/SE,Midsize Cars,2016,jp
36798,Toyota,Camry,Midsize Cars,2016,jp
36799,Toyota,Corolla,Midsize Cars,2016,jp
36800,Toyota,Corolla,Midsize Cars,2016,jp
36801,Toyota,Corolla,Midsize Cars,2016,jp
36802,Toyota,Corolla,Midsize Cars,2016,jp
36803,Toyota,Corolla LE Eco,Midsize Cars,2016,jp
36804,Toyota,Corolla LE Eco,Midsize Cars,2016,jp
36807,Toyota,Tundra 2WD FFV,Standard Pickup Trucks 2WD,2016,jp
36808,Toyota,Tundra 2WD,Standard Pickup Trucks 2WD,2016,jp
36809,Toyota,Tundra 2WD,Standard Pickup Trucks 2WD,2016,jp
36810,Toyota,Tundra 4WD FFV,Standard Pickup Trucks 4WD,2016,jp
36811,Toyota,Tundra 4WD,Standard Pickup Trucks 4WD,2016,jp
36812,Toyota,Tundra 4WD,Standard Pickup Trucks 4WD,2016,jp
36813,Toyota,Sequoia 2WD,Standard Sport Utility Vehicle 2WD,2016,jp
36815,Toyota,Sequoia 4WD FFV,Standard Sport Utility Vehicle 4WD,2016,jp
36816,Toyota,Sequoia 4WD,Standard Sport Utility Vehicle 4WD,2016,jp
36855,Toyota,Prius v,Midsize Station Wagons,2016,jp
36856,Toyota,4Runner 2WD,Standard Sport Utility Vehicle 2WD,2016,jp
36858,Toyota,4Runner 4WD,Standard Sport Utility Vehicle 4WD,2016,jp
36859,Toyota,4Runner 4WD,Standard Sport Utility Vehicle 4WD,2016,jp
36918,Toyota,Tacoma 2WD,Small Pickup Trucks 2WD,2016,jp
36919,Toyota,Tacoma 2WD,Small Pickup Trucks 2WD,2016,jp
36922,Toyota,Tacoma 4WD,Small Pickup Trucks 4WD,2016,jp
36923,Toyota,Tacoma 4WD,Small Pickup Trucks 4WD,2016,jp
36924,Toyota,Tacoma 4WD,Small Pickup Trucks 4WD,2016,jp
36925,Toyota,Tacoma 4WD,Small Pickup Trucks 4WD,2016,jp
36926,Toyota,Tacoma 4WD Double Cab,Small Pickup Trucks 4WD,2016,jp
36931,Toyota,Land Cruiser Wagon 4WD,Standard Sport Utility Vehicle 4WD,2016,jp
37086,Toyota,RAV4,Small Sport Utility Vehicle 2WD,2016,jp
37087,Toyota,RAV4 LE/XLE,Small Sport Utility Vehicle 2WD,2016,jp
37088,Toyota,RAV4 AWD,Small Sport Utility Vehicle 4WD,2016,jp
37089,Toyota,RAV4 Limited AWD/SE AWD,Small Sport Utility Vehicle 4WD,2016,jp
37092,Toyota,Prius c,Compact Cars,2016,jp
37104,Toyota,Avalon Hybrid,Midsize Cars,2016,jp
37105,Toyota,Avalon,Midsize Cars,2016,jp
37110,Toyota,RAV4 Hybrid AWD,Small Sport Utility Vehicle 4WD,2016,jp
37123,Toyota,Highlander 2WD,Small Sport Utility Vehicle 2WD,2016,jp
37124,Toyota,Highlander 2WD,Small Sport Utility Vehicle 2WD,2016,jp
37126,Toyota,Highlander AWD,Standard Sport Utility Vehicle 4WD,2016,jp
37127,Toyota,Highlander Hybrid AWD,Standard Sport Utility Vehicle 4WD,2016,jp
37128,Toyota,Highlander Hybrid AWD LE Plus,Standard Sport Utility Vehicle 4WD,2016,jp
37157,Toyota,Sienna 2WD,Minivan - 2WD,2016,jp
37158,Toyota,Sienna AWD,Minivan - 4WD,2016,jp
37163,Toyota,Prius,Midsize Cars,2016,jp
37164,Toyota,Prius Eco,Midsize Cars,2016,jp
37463,Toyota,Prius v,Midsize Station Wagons,2017,jp
37478,Toyota,86,Minicompact Cars,2017,jp
37529,Toyota,86,Minicompact Cars,2017,jp
37534,Toyota,Camry,Midsize Cars,2017,jp
37724,Toyota,Camry,Midsize Cars,2017,jp
37828,Toyota,Camry Hybrid LE,Midsize Cars,2017,jp
37829,Toyota,Camry Hybrid XLE/SE,Midsize Cars,2017,jp
37884,Toyota,Yaris iA,Subcompact Cars,2017,jp
37885,Toyota,Yaris iA,Subcompact Cars,2017,jp
37970,Toyota,Yaris,Compact Cars,2017,jp
37971,Toyota,Yaris,Compact Cars,2017,jp
37984,Toyota,Tacoma 2WD,Small Pickup Trucks 2WD,2017,jp
37985,Toyota,Tacoma 2WD,Small Pickup Trucks 2WD,2017,jp
37986,Toyota,Tacoma 4WD,Small Pickup Trucks 4WD,2017,jp
37987,Toyota,Tacoma 4WD,Small Pickup Trucks 4WD,2017,jp
37988,Toyota,Tacoma 4WD Double Cab Off-Road,Small Pickup Trucks 4WD,2017,jp
37989,Toyota,Tacoma 4WD,Small Pickup Trucks 4WD,2017,jp
37990,Toyota,Tacoma 4WD,Small Pickup Trucks 4WD,2017,jp
37996,Toyota,Sienna 2WD,Minivan - 2WD,2017,jp
37997,Toyota,Sienna AWD,Minivan - 4WD,2017,jp
38061,Toyota,Prius,Midsize Cars,2017,jp
38062,Toyota,Prius Eco,Midsize Cars,2017,jp
38070,Toyota,RAV4,Small Sport Utility Vehicle 2WD,2017,jp
38071,Toyota,RAV4 LE/XLE,Small Sport Utility Vehicle 2WD,2017,jp
38073,Toyota,RAV4 AWD,Small Sport Utility Vehicle 4WD,2017,jp
38074,Toyota,RAV4 Limited AWD/SE AWD,Small Sport Utility Vehicle 4WD,2017,jp
38075,Toyota,RAV4 Hybrid AWD,Small Sport Utility Vehicle 4WD,2017,jp
38080,Toyota,Land Cruiser Wagon 4WD,Standard Sport Utility Vehicle 4WD,2017,jp
38112,Toyota,Corolla iM,Midsize Cars,2017,jp
38113,Toyota,Corolla iM,Midsize Cars,2017,jp
38121,Toyota,Tundra 2WD,Standard Pickup Trucks 2WD,2017,jp
38122,Toyota,Tundra 2WD FFV,Standard Pickup Trucks 2WD,2017,jp
38123,Toyota,Tundra 2WD,Standard Pickup Trucks 2WD,2017,jp
38126,Toyota,Tundra 4WD,Standard Pickup Trucks 4WD,2017,jp
38127,Toyota,Tundra 4WD FFV,Standard Pickup Trucks 4WD,2017,jp
38128,Toyota,Tundra 4WD,Standard Pickup Trucks 4WD,2017,jp
38152,Toyota,Corolla,Midsize Cars,2017,jp
38153,Toyota,Corolla,Midsize Cars,2017,jp
38154,Toyota,Corolla,Midsize Cars,2017,jp
38155,Toyota,Corolla LE Eco,Midsize Cars,2017,jp
38156,Toyota,Corolla LE Eco,Midsize Cars,2017,jp
38291,Toyota,Sequoia 4WD FFV,Standard Sport Utility Vehicle 4WD,2017,jp
38294,Toyota,Avalon,Midsize Cars,2017,jp
38295,Toyota,Avalon Hybrid,Midsize Cars,2017,jp
38306,Toyota,Sequoia 2WD,Standard Sport Utility Vehicle 2WD,2017,jp
38309,Toyota,Sequoia 4WD,Standard Sport Utility Vehicle 4WD,2017,jp
38414,Toyota,Highlander,Small Sport Utility Vehicle 2WD,2017,jp
38415,Toyota,Highlander LE/XLE/SE/LTD,Small Sport Utility Vehicle 2WD,2017,jp
38416,Toyota,Highlander,Small Sport Utility Vehicle 2WD,2017,jp
38423,Toyota,Highlander AWD,Standard Sport Utility Vehicle 4WD,2017,jp
38424,Toyota,Highlander AWD,Standard Sport Utility Vehicle 4WD,2017,jp
38425,Toyota,Highlander Hybrid AWD,Standard Sport Utility Vehicle 4WD,2017,jp
38426,Toyota,Highlander Hybrid AWD LE Plus,Standard Sport Utility Vehicle 4WD,2017,jp
38427,Toyota,Highlander AWD LE,Standard Sport Utility Vehicle 4WD,2017,jp
38508,Toyota,Prius c,Compact Cars,2017,jp
38512,Toyota,4Runner 2WD,Standard Sport Utility Vehicle 2WD,2017,jp
38513,Toyota,4Runner 4WD,Standard Sport Utility Vehicle 4WD,2017,jp
38514,Toyota,4Runner 4WD,Standard Sport Utility Vehicle 4WD,2017,jp
38531,Toyota,Prius Prime,Midsize Cars,2017,jp
38679,Toyota,C-HR,Compact Cars,2018,jp
38778,Toyota,Yaris,Compact Cars,2018,jp
38779,Toyota,Yaris,Compact Cars,2018,jp
38786,Toyota,Avalon Hybrid,Midsize Cars,2018,jp
38787,Toyota,Avalon,Midsize Cars,2018,jp
38880,Toyota,Camry,Midsize Cars,2018,jp
38881,Toyota,Camry,Midsize Cars,2018,jp
38882,Toyota,Camry XSE,Midsize Cars,2018,jp
38883,Toyota,Camry LE/SE,Midsize Cars,2018,jp
38884,Toyota,Camry XLE/XSE,Midsize Cars,2018,jp
38936,Toyota,Camry Hybrid LE,Midsize Cars,2018,jp
38937,Toyota,Camry Hybrid XLE/SE,Midsize Cars,2018,jp
39037,Toyota,Prius c,Compact Cars,2018,jp
39249,Toyota,Tundra 2WD,Standard Pickup Trucks 2WD,2018,jp
39250,Toyota,Tundra 2WD,Standard Pickup Trucks 2WD,2018,jp
39263,Toyota,Tundra 4WD,Standard Pickup Trucks 4WD,2018,jp
39264,Toyota,Tundra 4WD FFV,Standard Pickup Trucks 4WD,2018,jp
39265,Toyota,Tundra 4WD,Standard Pickup Trucks 4WD,2018,jp
39317,Toyota,Sequoia 2WD,Standard Sport Utility Vehicle 2WD,2018,jp
39320,Toyota,Sequoia 4WD FFV,Standard Sport Utility Vehicle 4WD,2018,jp
39321,Toyota,Sequoia 4WD,Standard Sport Utility Vehicle 4WD,2018,jp
39341,Toyota,Corolla,Midsize Cars,2018,jp
39342,Toyota,Corolla,Midsize Cars,2018,jp
39343,Toyota,Corolla,Midsize Cars,2018,jp
39344,Toyota,Corolla LE Eco,Midsize Cars,2018,jp
39345,Toyota,Corolla LE Eco,Midsize Cars,2018,jp
39346,Toyota,Corolla iM,Midsize Cars,2018,jp
39347,Toyota,Corolla iM,Midsize Cars,2018,jp
39365,Toyota,RAV4,Small Sport Utility Vehicle 2WD,2018,jp
39366,Toyota,RAV4 LE/XLE,Small Sport Utility Vehicle 2WD,2018,jp
39371,Toyota,RAV4 AWD,Small Sport Utility Vehicle 4WD,2018,jp
39372,Toyota,RAV4 Limited AWD/SE AWD,Small Sport Utility Vehicle 4WD,2018,jp
39373,Toyota,RAV4 Hybrid AWD,Small Sport Utility Vehicle 4WD,2018,jp
39374,Toyota,4Runner 2WD,Standard Sport Utility Vehicle 2WD,2018,jp
39378,Toyota,4Runner 4WD,Standard Sport Utility Vehicle 4WD,2018,jp
39379,Toyota,Land Cruiser Wagon 4WD,Standard Sport Utility Vehicle 4WD,2018,jp
39380,Toyota,4Runner 4WD,Standard Sport Utility Vehicle 4WD,2018,jp
39420,Toyota,Yaris iA,Subcompact Cars,2018,jp
39421,Toyota,Yaris iA,Subcompact Cars,2018,jp
39626,Toyota,Highlander,Small Sport Utility Vehicle 2WD,2018,jp
39726,Toyota,Sienna 2WD,Minivan - 2WD,2018,jp
39727,Toyota,Sienna AWD,Minivan - 4WD,2018,jp
39729,Toyota,Highlander LE/XLE/SE/LTD,Small Sport Utility Vehicle 2WD,2018,jp
39730,Toyota,Highlander,Small Sport Utility Vehicle 2WD,2018,jp
39739,Toyota,Highlander AWD,Standard Sport Utility Vehicle 4WD,2018,jp
39740,Toyota,Highlander AWD,Standard Sport Utility Vehicle 4WD,2018,jp
39741,Toyota,Highlander AWD LE,Standard Sport Utility Vehicle 4WD,2018,jp
39752,Toyota,Prius,Midsize Cars,2018,jp
39753,Toyota,Prius Eco,Midsize Cars,2018,jp
39761,Toyota,Tacoma 2WD,Small Pickup Trucks 2WD,2018,jp
39762,Toyota,Tacoma 2WD,Small Pickup Trucks 2WD,2018,jp
39763,Toyota,Tacoma 4WD,Small Pickup Trucks 4WD,2018,jp
39764,Toyota,Tacoma 4WD,Small Pickup Trucks 4WD,2018,jp
39765,Toyota,Tacoma 4WD Double Cab Off-Road,Small Pickup Trucks 4WD,2018,jp
39766,Toyota,Tacoma 4WD,Small Pickup Trucks 4WD,2018,jp
39813,Toyota,86,Minicompact Cars,2018,jp
39814,Toyota,86,Minicompact Cars,2018,jp
39878,Toyota,Highlander Hybrid AWD,Standard Sport Utility Vehicle 4WD,2018,jp
39879,Toyota,Highlander Hybrid AWD LE Plus,Standard Sport Utility Vehicle 4WD,2018,jp
39882,Toyota,Prius Prime,Midsize Cars,2018,jp
40087,Toyota,Avalon,Midsize Cars,2019,jp
40088,Toyota,Avalon XLE,Midsize Cars,2019,jp
40089,Toyota,Avalon Hybrid,Midsize Cars,2019,jp
40090,Toyota,Avalon Hybrid XLE,Midsize Cars,2019,jp
40142,Toyota,C-HR,Compact Cars,2019,jp
40241,Toyota,Corolla,Midsize Cars,2019,jp
40242,Toyota,Corolla,Midsize Cars,2019,jp
40243,Toyota,Corolla,Midsize Cars,2019,jp
40244,Toyota,Corolla LE Eco,Midsize Cars,2019,jp
40245,Toyota,Corolla LE Eco,Midsize Cars,2019,jp
40333,Toyota,Corolla Hatchback,Compact Cars,2019,jp
40334,Toyota,Corolla Hatchback,Compact Cars,2019,jp
40335,Toyota,Corolla Hatchback XSE,Compact Cars,2019,jp
40525,Toyota,86,Minicompact Cars,2019,jp
40526,Toyota,86,Minicompact Cars,2019,jp
40539,Toyota,Tundra 2WD,Standard Pickup Trucks 2WD,2019,jp
40540,Toyota,Tundra 2WD,Standard Pickup Trucks 2WD,2019,jp
40541,Toyota,Tundra 4WD,Standard Pickup Trucks 4WD,2019,jp
40542,Toyota,Tundra 4WD FFV,Standard Pickup Trucks 4WD,2019,jp
40543,Toyota,Tundra 4WD,Standard Pickup Trucks 4WD,2019,jp
40546,Toyota,Sienna 2WD,Minivan - 2WD,2019,jp
40547,Toyota,Sienna AWD,Minivan - 4WD,2019,jp
40596,Toyota,Prius c,Compact Cars,2019,jp
40605,Toyota,Camry LE/SE,Midsize Cars,2019,jp
40606,Toyota,Camry,Midsize Cars,2019,jp
40607,Toyota,Camry XSE,Midsize Cars,2019,jp
40608,Toyota,Camry XLE/XSE,Midsize Cars,2019,jp
40609,Toyota,Camry,Midsize Cars,2019,jp
40625,Toyota,4Runner 2WD,Standard Sport Utility Vehicle 2WD,2019,jp
40626,Toyota,Sequoia 2WD,Standard Sport Utility Vehicle 2WD,2019,jp
40628,Toyota,4Runner 4WD,Standard Sport Utility Vehicle 4WD,2019,jp
40629,Toyota,Land Cruiser Wagon 4WD,Standard Sport Utility Vehicle 4WD,2019,jp
40630,Toyota,Sequoia 4WD,Standard Sport Utility Vehicle 4WD,2019,jp
40631,Toyota,4Runner 4WD,Standard Sport Utility Vehicle 4WD,2019,jp
40696,Toyota,Yaris,Compact Cars,2019,jp
40697,Toyota,Yaris,Compact Cars,2019,jp
40720,Toyota,Camry Hybrid LE,Midsize Cars,2019,jp
40721,Toyota,Camry Hybrid XLE/SE,Midsize Cars,2019,jp
40730,Toyota,Tacoma 2WD,Small Pickup Trucks 2WD,2019,jp
40731,Toyota,Tacoma 2WD,Small Pickup Trucks 2WD,2019,jp
40732,Toyota,Tacoma 4WD,Small Pickup Trucks 4WD,2019,jp
40733,Toyota,Tacoma 4WD,Small Pickup Trucks 4WD,2019,jp
40734,Toyota,Tacoma 4WD Double Cab Off-Road,Small Pickup Trucks 4WD,2019,jp
40735,Toyota,Tacoma 4WD,Small Pickup Trucks 4WD,2019,jp
40745,Toyota,Highlander,Small Sport Utility Vehicle 2WD,2019,jp
40746,Toyota,Highlander LE/XLE/SE/LTD,Small Sport Utility Vehicle 2WD,2019,jp
40747,Toyota,Highlander,Small Sport Utility Vehicle 2WD,2019,jp
40763,Toyota,Highlander AWD,Standard Sport Utility Vehicle 4WD,2019,jp
40764,Toyota,Highlander AWD,Standard Sport Utility Vehicle 4WD,2019,jp
40765,Toyota,Highlander AWD LE,Standard Sport Utility Vehicle 4WD,2019,jp
40766,Toyota,Highlander Hybrid AWD,Standard Sport Utility Vehicle 4WD,2019,jp
40767,Toyota,Highlander Hybrid AWD LE Plus,Standard Sport Utility Vehicle 4WD,2019,jp
41082,Toyota,Yaris,Compact Cars,2019,jp
41122,Toyota,RAV4,Small Sport Utility Vehicle 2WD,2019,jp
41126,Toyota,RAV4 AWD,Small Sport Utility Vehicle 4WD,2019,jp
41127,Toyota,RAV4 AWD,Small Sport Utility Vehicle 4WD,2019,jp
41161,Toyota,Prius,Midsize Cars,2019,jp
41162,Toyota,Prius AWD,Midsize Cars,2019,jp
41163,Toyota,Prius Eco,Midsize Cars,2019,jp
41166,Toyota,Tacoma 4WD TRD PRO,Small Pickup Trucks 4WD,2019,jp
41167,Toyota,Tacoma 4WD TRD PRO,Small Pickup Trucks 4WD,2019,jp
41184,Toyota,Prius Prime,Midsize Cars,2019,jp
41307,Toyota,RAV4 Hybrid AWD,Small Sport Utility Vehicle 4WD,2019,jp
41213,Toyota,Corolla,Compact Cars,2020,jp
41214,Toyota,Corolla Hybrid,Compact Cars,2020,jp
41215,Toyota,Corolla,Compact Cars,2020,jp
41216,Toyota,Corolla XSE,Compact Cars,2020,jp
41217,Toyota,Corolla,Compact Cars,2020,jp
41218,Toyota,Corolla,Compact Cars,2020,jp
41219,Toyota,Corolla XLE,Compact Cars,2020,jp
41309,Toyota,GR Supra,Two Seaters,2020,jp
41386,Toyota,Sienna 2WD,Minivan - 2WD,2020,jp
41387,Toyota,Sienna AWD,Minivan - 4WD,2020,jp
41489,Toyota,Prius Prime,Midsize Cars,2020,jp
41716,Toyota,Prius c,Compact Cars,2020,jp
41811,Toyota,Avalon XLE,Midsize Cars,2020,jp
41812,Toyota,Avalon,Midsize Cars,2020,jp
41813,Toyota,Avalon Hybrid,Midsize Cars,2020,jp
41814,Toyota,Avalon Hybrid XLE,Midsize Cars,2020,jp
41832,Toyota,Tundra 2WD,Standard Pickup Trucks 2WD,2020,jp
41859,Toyota,Tundra 4WD,Standard Pickup Trucks 4WD,2020,jp
41880,Toyota,Sequoia 2WD,Standard Sport Utility Vehicle 2WD,2020,jp
41882,Toyota,Sequoia 4WD,Standard Sport Utility Vehicle 4WD,2020,jp
41915,Toyota,Prius,Midsize Cars,2020,jp
41916,Toyota,Prius AWD,Midsize Cars,2020,jp
41917,Toyota,Prius Eco,Midsize Cars,2020,jp
41938,Toyota,4Runner 2WD,Standard Sport Utility Vehicle 2WD,2020,jp
41940,Toyota,4Runner 4WD,Standard Sport Utility Vehicle 4WD,2020,jp
41941,Toyota,Land Cruiser Wagon 4WD,Standard Sport Utility Vehicle 4WD,2020,jp
41942,Toyota,4Runner 4WD,Standard Sport Utility Vehicle 4WD,2020,jp
41949,Toyota,86,Minicompact Cars,2020,jp
41950,Toyota,86,Minicompact Cars,2020,jp
41999,Toyota,Yaris,Compact Cars,2020,jp
42000,Toyota,Yaris,Compact Cars,2020,jp
42011,Toyota,Camry,Midsize Cars,2020,jp
42012,Toyota,Camry XSE,Midsize Cars,2020,jp
42013,Toyota,Camry LE/SE,Midsize Cars,2020,jp
42014,Toyota,Camry XLE/XSE,Midsize Cars,2020,jp
42015,Toyota,Camry,Midsize Cars,2020,jp
42016,Toyota,Camry Hybrid LE,Midsize Cars,2020,jp
42017,Toyota,Camry Hybrid XLE/SE,Midsize Cars,2020,jp
42018,Toyota,Camry TRD,Midsize Cars,2020,jp
42030,Toyota,Tacoma 2WD,Small Pickup Trucks 2WD,2020,jp
42031,Toyota,Tacoma 2WD,Small Pickup Trucks 2WD,2020,jp
42032,Toyota,Tacoma 4WD,Small Pickup Trucks 4WD,2020,jp
42033,Toyota,Tacoma 4WD,Small Pickup Trucks 4WD,2020,jp
42034,Toyota,Tacoma 4WD,Small Pickup Trucks 4WD,2020,jp
42035,Toyota,Tacoma 4WD D-CAB MT TRD-ORP/PRO,Small Pickup Trucks 4WD,2020,jp
42092,Toyota,Corolla Hatchback,Compact Cars,2020,jp
42093,Toyota,Corolla Hatchback,Compact Cars,2020,jp
42094,Toyota,Corolla Hatchback XSE,Compact Cars,2020,jp
42145,Toyota,C-HR,Compact Cars,2020,jp
42181,Toyota,RAV4,Small Sport Utility Vehicle 2WD,2020,jp
42182,Toyota,RAV4,Small Sport Utility Vehicle 2WD,2020,jp
42185,Toyota,RAV4 AWD,Small Sport Utility Vehicle 4WD,2020,jp
42186,Toyota,RAV4 AWD,Small Sport Utility Vehicle 4WD,2020,jp
42187,Toyota,RAV4 Hybrid AWD,Small Sport Utility Vehicle 4WD,2020,jp
42188,Toyota,RAV4 AWD TRD OFFROAD,Small Sport Utility Vehicle 4WD,2020,jp
42189,Toyota,RAV4 AWD LE,Small Sport Utility Vehicle 4WD,2020,jp
42379,Toyota,Highlander,Small Sport Utility Vehicle 2WD,2020,jp
42380,Toyota,Highlander,Small Sport Utility Vehicle 2WD,2020,jp
42381,Toyota,Highlander AWD,Small Sport Utility Vehicle 4WD,2020,jp
42477,Toyota,Highlander Hybrid,Small Sport Utility Vehicle 2WD,2020,jp
42478,Toyota,Highlander Hybrid AWD,Standard Sport Utility Vehicle 4WD,2020,jp
42479,Toyota,Highlander Hybrid AWD LTD/PLAT,Standard Sport Utility Vehicle 4WD,2020,jp
42510,Toyota,Camry AWD LE/SE,Midsize Cars,2020,jp
42511,Toyota,Camry AWD XLE/XSE,Midsize Cars,2020,jp
42564,Toyota,GR Supra,Two Seaters,2021,jp
42582,Toyota,Corolla,Compact Cars,2021,jp
42583,Toyota,Corolla,Compact Cars,2021,jp
42584,Toyota,Corolla XLE,Compact Cars,2021,jp
42585,Toyota,Corolla Hybrid,Compact Cars,2021,jp
42587,Toyota,Corolla,Compact Cars,2021,jp
42588,Toyota,Corolla,Compact Cars,2021,jp
42589,Toyota,Corolla XSE,Compact Cars,2021,jp
42745,Toyota,Corolla Hatchback,Compact Cars,2021,jp
42746,Toyota,Corolla Hatchback,Compact Cars,2021,jp
42747,Toyota,Corolla Hatchback XSE,Compact Cars,2021,jp
42793,Toyota,RAV4 Prime 4WD,Small Sport Utility Vehicle 4WD,2021,jp
42808,Toyota,Prius,Midsize Cars,2021,jp
42809,Toyota,Prius AWD,Midsize Cars,2021,jp
42810,Toyota,Prius Eco,Midsize Cars,2021,jp
42814,Toyota,Prius Prime,Midsize Cars,2021,jp
42912,Toyota,Venza AWD,Small Sport Utility Vehicle 4WD,2021,jp
42942,Toyota,Avalon XLE,Midsize Cars,2021,jp
42943,Toyota,Avalon,Midsize Cars,2021,jp
42944,Toyota,Avalon Hybrid,Midsize Cars,2021,jp
42945,Toyota,Avalon Hybrid XLE,Midsize Cars,2021,jp
42946,Toyota,Avalon AWD,Midsize Cars,2021,jp
42947,Toyota,Avalon TRD,Midsize Cars,2021,jp
42959,Toyota,RAV4,Small Sport Utility Vehicle 2WD,2021,jp
42960,Toyota,RAV4,Small Sport Utility Vehicle 2WD,2021,jp
42968,Toyota,RAV4 AWD,Small Sport Utility Vehicle 4WD,2021,jp
42969,Toyota,RAV4 AWD,Small Sport Utility Vehicle 4WD,2021,jp
42970,Toyota,RAV4 AWD TRD OFFROAD,Small Sport Utility Vehicle 4WD,2021,jp
42971,Toyota,RAV4 AWD LE,Small Sport Utility Vehicle 4WD,2021,jp
42972,Toyota,RAV4 Hybrid AWD,Small Sport Utility Vehicle 4WD,2021,jp
42974,Toyota,4Runner 2WD,Standard Sport Utility Vehicle 2WD,2021,jp
42981,Toyota,4Runner 4WD,Standard Sport Utility Vehicle 4WD,2021,jp
42982,Toyota,4Runner 4WD,Standard Sport Utility Vehicle 4WD,2021,jp
42989,Toyota,GR Supra,Two Seaters,2021,jp
42998,Toyota,C-HR,Compact Cars,2021,jp
43010,Toyota,Tundra 2WD,Standard Pickup Trucks 2WD,2021,jp
43018,Toyota,Tundra 4WD,Standard Pickup Trucks 4WD,2021,jp
43032,Toyota,Land Cruiser Wagon 4WD,Standard Sport Utility Vehicle 4WD,2021,jp
43082,Toyota,Tacoma 2WD,Small Pickup Trucks 2WD,2021,jp
43083,Toyota,Tacoma 2WD,Small Pickup Trucks 2WD,2021,jp
43084,Toyota,Tacoma 4WD,Small Pickup Trucks 4WD,2021,jp
43085,Toyota,Tacoma 4WD,Small Pickup Trucks 4WD,2021,jp
43086,Toyota,Tacoma 4WD D-CAB MT TRD-ORP/PRO,Small Pickup Trucks 4WD,2021,jp
43087,Toyota,Tacoma 4WD,Small Pickup Trucks 4WD,2021,jp
43128,Toyota,Highlander,Small Sport Utility Vehicle 2WD,2021,jp
43129,Toyota,Highlander,Small Sport Utility Vehicle 2WD,2021,jp
43130,Toyota,Highlander Hybrid,Small Sport Utility Vehicle 2WD,2021,jp
43137,Toyota,Highlander AWD,Small Sport Utility Vehicle 4WD,2021,jp
43141,Toyota,Highlander Hybrid AWD,Standard Sport Utility Vehicle 4WD,2021,jp
43142,Toyota,Highlander Hybrid AWD LTD/PLAT,Standard Sport Utility Vehicle 4WD,2021,jp
43204,Toyota,Sequoia 2WD,Standard Sport Utility Vehicle 2WD,2021,jp
43212,Toyota,Sequoia 4WD,Standard Sport Utility Vehicle 4WD,2021,jp
43298,Toyota,Corolla APEX,Compact Cars,2021,jp
43299,Toyota,Corolla APEX,Compact Cars,2021,jp
43302,Toyota,Camry,Midsize Cars,2021,jp
43303,Toyota,Camry TRD,Midsize Cars,2021,jp
43304,Toyota,Camry XSE,Midsize Cars,2021,jp
43305,Toyota,Camry LE/SE,Midsize Cars,2021,jp
43306,Toyota,Camry XLE/XSE,Midsize Cars,2021,jp
43307,Toyota,Camry Hybrid LE,Midsize Cars,2021,jp
43308,Toyota,Camry Hybrid SE/XLE/XSE,Midsize Cars,2021,jp
43309,Toyota,Camry AWD LE/SE,Midsize Cars,2021,jp
43310,Toyota,Camry AWD XLE/XSE,Midsize Cars,2021,jp
43470,Toyota,Sienna Hybrid 2WD,Minivan - 2WD,2021,jp
43471,Toyota,Sienna Hybrid AWD,Minivan - 4WD,2021,jp
44070,Toyota,Corolla,Compact Cars,2022,jp
44071,Toyota,Corolla,Compact Cars,2022,jp
44072,Toyota,Corolla XLE,Compact Cars,2022,jp
44073,Toyota,Corolla Hybrid,Compact Cars,2022,jp
44074,Toyota,Corolla,Compact Cars,2022,jp
44075,Toyota,Corolla,Compact Cars,2022,jp
44076,Toyota,Corolla XSE,Compact Cars,2022,jp
44077,Toyota,Corolla APEX,Compact Cars,2022,jp
44078,Toyota,Corolla APEX,Compact Cars,2022,jp
44079,Toyota,Prius,Midsize Cars,2022,jp
44080,Toyota,Prius AWD,Midsize Cars,2022,jp
44081,Toyota,Prius Eco,Midsize Cars,2022,jp
44169,Toyota,GR Supra,Two Seaters,2022,jp
44170,Toyota,GR Supra,Two Seaters,2022,jp
44237,Toyota,Corolla Hatchback,Compact Cars,2022,jp
44238,Toyota,Corolla Hatchback,Compact Cars,2022,jp
44239,Toyota,Corolla Hatchback XSE,Compact Cars,2022,jp
44343,Toyota,Camry,Midsize Cars,2022,jp
44344,Toyota,Camry TRD,Midsize Cars,2022,jp
44345,Toyota,Camry XSE,Midsize Cars,2022,jp
44346,Toyota,Camry AWD LE/SE,Midsize Cars,2022,jp
44347,Toyota,Camry AWD XLE/XSE,Midsize Cars,2022,jp
44348,Toyota,Camry LE/SE,Midsize Cars,2022,jp
44349,Toyota,Camry XLE/XSE,Midsize Cars,2022,jp
44350,Toyota,Camry Hybrid LE,Midsize Cars,2022,jp
44351,Toyota,Camry Hybrid SE/XLE/XSE,Midsize Cars,2022,jp
44358,Toyota,Sequoia 2WD,Standard Sport Utility Vehicle 2WD,2022,jp
44359,Toyota,Sequoia 4WD,Standard Sport Utility Vehicle 4WD,2022,jp
44362,Toyota,Prius Prime,Midsize Cars,2022,jp
44379,Toyota,Avalon XLE,Midsize Cars,2022,jp
44380,Toyota,Avalon,Midsize Cars,2022,jp
44381,Toyota,Avalon Hybrid,Midsize Cars,2022,jp
44382,Toyota,Avalon Hybrid XLE,Midsize Cars,2022,jp
44437,Toyota,4Runner 2WD,Standard Sport Utility Vehicle 2WD,2022,jp
44440,Toyota,4Runner 4WD,Standard Sport Utility Vehicle 4WD,2022,jp
44441,Toyota,4Runner 4WD,Standard Sport Utility Vehicle 4WD,2022,jp
44474,Toyota,Tacoma 2WD,Small Pickup Trucks 2WD,2022,jp
44475,Toyota,Tacoma 2WD,Small Pickup Trucks 2WD,2022,jp
44477,Toyota,Tacoma 4WD,Small Pickup Trucks 4WD,2022,jp
44478,Toyota,Tacoma 4WD,Small Pickup Trucks 4WD,2022,jp
44479,Toyota,Tacoma 4WD D-CAB MT TRD-ORP/PRO,Small Pickup Trucks 4WD,2022,jp
44480,Toyota,Tacoma 4WD,Small Pickup Trucks 4WD,2022,jp
44551,Toyota,Sienna 2WD,Minivan - 2WD,2022,jp
44552,Toyota,Sienna AWD,Minivan - 4WD,2022,jp
44588,Toyota,Corolla Cross,Small Sport Utility Vehicle 2WD,2022,jp
44593,Toyota,Corolla Cross 4WD,Small Sport Utility Vehicle 4WD,2022,jp
44614,Toyota,GR 86,Minicompact Cars,2022,jp
44615,Toyota,GR 86,Minicompact Cars,2022,jp
44649,Toyota,Highlander,Small Sport Utility Vehicle 2WD,2022,jp
44650,Toyota,Highlander,Small Sport Utility Vehicle 2WD,2022,jp
44651,Toyota,Highlander Hybrid,Small Sport Utility Vehicle 2WD,2022,jp
44656,Toyota,Highlander AWD,Small Sport Utility Vehicle 4WD,2022,jp
44684,Toyota,Highlander Hybrid AWD LTD/PLAT,Standard Sport Utility Vehicle 4WD,2022,jp
44685,Toyota,Highlander Hybrid AWD,Standard Sport Utility Vehicle 4WD,2022,jp
44884,Toyota,Venza AWD,Small Sport Utility Vehicle 4WD,2022,jp
44894,Toyota,Tundra 2WD,Standard Pickup Trucks 2WD,2022,jp
44895,Toyota,Tundra 2WD,Standard Pickup Trucks 2WD,2022,jp
44899,Toyota,Tundra 4WD,Standard Pickup Trucks 4WD,2022,jp
44900,Toyota,Tundra 4WD,Standard Pickup Trucks 4WD,2022,jp
44984,Toyota,RAV4 Prime 4WD,Small Sport Utility Vehicle 4WD,2022,jp
44985,Toyota,C-HR,Compact Cars,2022,jp
44991,Toyota,RAV4,Small Sport Utility Vehicle 2WD,2022,jp
44992,Toyota,RAV4,Small Sport Utility Vehicle 2WD,2022,jp
45005,Toyota,RAV4 AWD,Small Sport Utility Vehicle 4WD,2022,jp
45006,Toyota,RAV4 AWD,Small Sport Utility Vehicle 4WD,2022,jp
45007,Toyota,RAV4 AWD TRD OFFROAD,Small Sport Utility Vehicle 4WD,2022,jp
45008,Toyota,RAV4 AWD LE,Small Sport Utility Vehicle 4WD,2022,jp
45009,Toyota,RAV4 Hybrid AWD,Small Sport Utility Vehicle 4WD,2022,jp